1095|798|358
1096|358|798
1134|182|790
1136|790|182
1148|929|2456
1150|2456|929
1152|2358|1441
1154|1441|2358
1228|59|645
1303|447|2497
1304|2497|447
1456|618|2469
1458|2469|618
1461|443|59
1462|59|443
1485|798|1230
1486|1230|798
1487|447|2497
1488|2497|447
1551|798|2456
1552|2456|798
1801|445|2846
1802|2846|445
1818|619|172
1820|172|619
1881|445|282
1882|282|445
2011|597|1159
2012|496|1159
2051|777|1900
2052|1900|2649
2061|777|429
2062|429|777
2065|1247|1670
2066|1670|1247
2071|443|1743
2073|1743|443
2083|777|1759
2084|1759|777
2123|2846|156
2124|156|2846
2150|2497|1340
2152|1340|2497
2167|2599|1900
2168|1900|2599
2207|2846|777
2209|777|2846
2257|443|156
2258|156|443
2462|435|143
2464|143|435
2549|443|2718
2550|2718|443
2559|445|2420
2560|2420|445
2589|443|1444
2591|1444|443
2602|2103|729
2604|729|2103
2614|1625|2456
2616|2456|1625
2621|445|2420
2622|2420|445
2623|777|1831
2624|1831|777
2635|618|358
2636|358|618
2667|1670|1843
2668|1843|1670
2671|729|2358
2672|2358|729
2673|798|1371
2674|1371|798
2675|143|474
2676|474|143
2686|156|1831
2688|1831|156
2701|618|2563
2702|2563|618
2727|777|2160
2728|2160|777
4031|1838|2841
4032|2841|1838
4043|1900|945
4044|945|1900
4045|1900|2160
4046|2160|1900
4059|429|710
4060|710|429
4071|295|2794
4072|2794|295
4081|2846|451
4082|451|2846
4083|2846|2841
4084|2841|2846
4085|2846|950
4086|950|2846
4095|1723|2846
4096|2846|1723
4133|295|425
4134|425|295
4135|295|425
4136|425|295
4161|295|560
4162|560|295
4171|1900|2794
4172|2794|81
4173|1900|295
4174|295|1900
4182|1830|1759
4184|1759|1830
4187|1759|1831
4188|1831|1759
4189|295|2794
4190|2794|295
4191|295|2794
4192|2794|295
4215|2718|1670
4216|1670|443
4223|1670|156
4224|156|1670
4229|2290|1670
4230|1670|2290
4245|2462|1987
4246|1987|2462
4247|2462|1976
4255|584|2572
4256|2572|584
4289|1131|686
4290|686|1131
4301|595|2215
4302|2215|595
4305|2599|1545
4306|1545|2599
4309|2625|2469
4310|2469|59
4315|1412|1958
4316|1958|1412
4318|2462|156
4320|156|2462
4321|1412|520
4322|520|1670
4325|1670|2610
4326|2610|1670
4327|584|2469
4328|2420|584
4330|2469|2420
4343|595|686
4344|686|595
4345|172|2651
4346|2651|172
4347|2462|2679
4348|2679|2462
4355|676|2469
4357|2469|676
4368|1113|2469
4370|2469|1113
4372|1113|2686
4374|2686|1113
4375|2599|1545
4377|1545|2599
4415|443|1158
4416|1158|443
4464|2637|153
4465|2034|2637
4466|2637|2034
4471|445|1247
4473|1247|445
4481|790|1765
4482|1765|790
4611|798|264
4612|264|798
4615|868|798
4616|798|868
4627|143|2452
4628|2452|143
4629|729|1399
4630|1399|729
4635|1206|798
4636|798|1206
4641|729|1399
4642|1399|729
4643|798|1494
4652|618|212
4654|212|618
4706|525|1731
4708|1731|2482
4717|2497|2482
4718|2482|525
4720|525|2497
4732|525|1731
4734|1731|2482
4741|525|2482
4742|2482|525
4744|2482|525
4746|2482|525
4811|918|1215
4812|1215|918
5005|1476|145
5006|145|1476
5007|1476|145
5008|145|1476
5014|1876|2286
5018|1876|1393
5020|1393|1876
5022|2696|1393
5024|1393|2696
5026|2696|1393
5028|1393|2696
5036|1476|1876
5038|2697|1476
5040|2286|831
5042|831|2286
5045|1740|1743
5046|1743|1740
5365|2604|2726
5366|2726|2604
5505|1511|2253
5506|2253|1511
5511|496|408
5512|408|496
5517|496|1027
5518|1027|496
5538|1816|2532
5540|2532|1816
5609|2524|2098
5610|2098|2524
5611|385|2523
5612|2523|385
5619|1889|1383
5620|1383|1889
5629|2523|2480
5630|2480|2523
5633|1383|1265
5634|1265|1383
5635|385|1367
5636|1367|385
5639|1911|2403
5640|2403|1911
5645|2403|1367
5647|1367|2403
5801|185|2653
5802|2653|185
5809|655|623
5810|623|655
5818|186|623
5820|278|2683
6003|349|2138
6004|2138|349
6021|595|2739
6022|2739|595
6025|2803|202
6026|202|2803
6029|1247|2420
6030|2420|1247
6031|2034|798
6032|798|2034
6034|798|2034
6035|2469|2570
6036|2570|2469
6039|2469|2678
6041|2678|2469
6043|2486|2608
6044|2608|2486
6045|143|2721
6046|2721|143
6055|729|435
6056|435|729
6061|349|1348
6062|1348|349
6063|929|1089
6064|1089|929
6065|889|2444
6066|2444|889
6072|929|1059
6074|1059|929
6087|1158|729
6161|1265|1348
6162|1348|1265
6215|1528|295
6216|295|1528
6223|1900|95
6224|95|1900
6225|636|1055
6226|1055|2739
6231|238|636
6232|2739|238
6233|238|636
6234|636|238
6238|1759|708
6240|708|1759
6245|2846|575
6246|575|2846
6251|1900|2786
6252|2786|1900
6253|636|2157
6254|2157|636
6257|295|560
6258|560|295
6259|2846|950
6260|950|51
6261|51|950
6262|950|51
6263|51|950
6264|950|1655
6265|1655|950
6266|950|2846
6268|1759|2277
6270|2277|1759
6272|295|169
6274|169|295
6275|1723|2846
6276|2846|1723
6277|1723|2846
6278|2846|1723
6279|51|2846
6280|2846|51
6282|295|5
6284|5|295
6286|1900|2603
6288|2603|1900
6291|295|2790
6292|2790|295
6335|339|2599
6336|2599|339
6337|2599|2669
6338|1198|2599
6345|2462|2849
6346|2849|2462
6361|2740|1670
6362|1670|2740
6363|2740|1670
6364|1670|2740
6365|2740|1670
6366|1670|2740
6397|884|1412
6398|1412|884
6419|2467|1247
6420|1247|2467
6423|2486|1853
6424|1853|2486
6433|381|1247
6434|1247|381
6436|1077|1247
6437|447|756
6452|1433|443
6455|1247|1077
6456|1077|1247
6601|636|742
6602|742|1838
6801|798|2575
6802|2575|798
6805|798|2575
6815|264|2639
6816|2639|264
6817|1868|798
6818|798|1868
6819|868|1009
6820|1009|868
6821|1701|1206
6822|1206|1701
6823|729|868
6833|868|1009
6845|143|2452
6849|143|297
6850|297|143
6851|436|182
6852|182|436
6853|436|1970
6854|1970|436
6856|618|212
6858|212|618
6905|1281|2608
6907|2608|1281
6918|2629|1731
6920|1731|665
6953|549|1072
6955|1072|549
6967|282|169
6968|169|282
7001|2358|2721
7003|2721|2358
7005|1544|2358
7006|2358|1544
7007|650|2358
7008|2358|650
7053|1774|1720
7054|1720|1774
7265|1159|1209
7266|1209|1861
7267|1861|1159
7269|1209|713
7270|713|1209
7273|2013|1209
7274|1307|2013
7275|1209|1307
7452|1348|2138
7454|2138|1348
7501|2663|355
7502|355|2663
7503|789|2663
7504|2663|789
7505|355|1572
7506|1572|355
7507|1572|663
7508|663|1572
7510|355|1056
7511|2563|2597
7513|2597|2563
7515|1999|2598
7516|2598|1999
7519|120|1571
7520|1571|120
7524|2563|1635
7529|663|2583
7530|2583|663
7531|2563|120
7532|120|2563
7535|663|1272
7537|1272|663
7556|186|623
7558|655|186
7565|655|623
7566|623|655
C1001|2599|1132
C1002|1132|2599
C1003|2599|1934
C1004|1132|2599
C1005|2599|1132
C1006|1132|2599
C1007|2599|1132
C1008|1934|2599
C1009|2599|1934
C1010|1132|2599
C1011|2599|1132
C1012|1934|2599
C1013|2599|1934
C1014|1934|2599
C1015|2599|1934
C1016|1132|2599
C1017|2599|1132
C1018|1132|2599
C1019|2599|1132
C1020|1132|2599
C1021|2599|1132
C1022|1934|2599
C1023|2599|1934
C1024|1132|2599
C1025|2599|1934
C1026|1934|2599
C1027|2599|1132
C1028|1132|2599
C1029|2599|1271
C1030|1271|2599
C1031|1132|1934
C1032|1934|1132
C1034|1934|1132
C1037|1132|1934
C1041|2599|1132
C1042|1934|2599
C1043|2599|1934
C1044|1934|2599
C1201|2600|595
C1202|595|2599
C1203|2600|595
C1204|595|2599
C1205|2599|595
C1206|595|2599
C1207|2599|595
C1208|595|2599
C1209|2599|595
C1210|595|2599
C1211|2599|595
C1212|595|2599
C1213|2599|595
C1214|595|2599
C1215|2599|595
C1216|595|2599
C1217|2599|595
C1218|595|2599
C1219|2599|595
C1220|595|2599
C1221|2599|595
C1222|595|2599
C1223|2599|595
C1224|595|2599
C1225|2599|595
C1226|595|2599
C1227|2599|595
C1228|595|2599
C1229|2599|595
C1230|595|2599
C1231|2599|595
C1232|595|2599
C1233|2599|595
C1234|595|2599
C1235|2599|595
C1236|595|2599
C1238|595|2599
C1241|2600|595
C1242|595|2599
C1243|2599|595
C1244|595|2599
C1245|2599|595
C1246|595|2599
C1247|2599|595
C1248|595|2599
C2001|446|790
C2002|790|446
C2003|446|790
C2004|790|446
C2005|446|790
C2006|790|446
C2007|446|790
C2008|790|446
C2009|446|790
C2010|790|446
C2011|446|790
C2012|790|446
C2013|446|790
C2014|790|446
C2015|446|790
C2016|790|446
C2017|446|790
C2018|790|446
C2019|446|790
C2020|790|446
C2021|446|790
C2022|790|446
C2023|446|790
C2024|790|446
C2025|446|790
C2026|790|446
C2027|446|790
C2028|790|446
C2029|446|790
C2030|790|446
C2031|446|790
C2032|790|446
C2033|446|790
C2034|790|446
C2035|446|790
C2036|790|446
C2037|446|790
C2038|790|446
C2039|446|790
C2040|790|446
C2041|446|790
C2042|790|446
C2043|446|790
C2044|790|446
C2045|446|790
C2046|790|446
C2047|446|790
C2048|790|446
C2049|446|790
C2050|790|446
C2051|446|790
C2052|790|446
C2053|446|790
C2054|790|446
C2055|446|790
C2056|790|446
C2057|446|790
C2058|790|446
C2059|446|790
C2060|790|446
C2061|446|790
C2062|790|446
C2063|446|790
C2064|790|446
C2065|446|790
C2066|790|446
C2067|446|790
C2068|790|446
C2069|446|790
C2070|790|446
C2071|446|790
C2072|790|446
C2073|446|790
C2074|790|446
C2075|446|790
C2076|790|446
C2077|446|790
C2078|790|446
C2079|446|790
C2080|790|446
C2081|446|790
C2082|790|446
C2083|446|790
C2084|790|446
C2085|446|790
C2086|790|446
C2087|446|790
C2088|790|446
C2089|446|790
C2090|790|446
C2091|446|790
C2092|790|446
C2093|446|790
C2094|790|446
C2095|446|790
C2096|790|446
C2097|446|790
C2098|790|446
C2099|446|790
C2100|790|446
C2101|446|790
C2102|790|446
C2103|446|790
C2104|790|446
C2105|446|790
C2106|790|446
C2107|446|790
C2108|790|446
C2201|446|790
C2202|790|446
C2203|446|790
C2204|790|446
C2205|446|790
C2206|790|446
C2207|446|790
C2208|790|446
C2209|446|790
C2210|790|446
C2211|446|790
C2212|790|446
C2213|446|790
C2214|790|446
C2215|446|790
C2216|790|446
C2217|446|790
C2218|790|446
C2219|446|790
C2220|790|446
C2221|446|790
C2222|790|446
C2223|446|790
C2224|790|446
C2225|446|790
C2226|790|446
C2227|446|790
C2228|790|446
C2229|446|790
C2230|790|446
C2231|446|790
C2232|790|446
C2233|446|790
C2234|790|446
C2235|446|790
C2236|790|446
C2237|446|790
C2238|790|446
C2239|446|790
C2240|790|446
C2241|446|790
C2242|790|446
C2243|446|790
C2244|790|446
C2245|446|790
C2246|790|446
C2301|790|220
C2302|220|790
C2303|790|220
C2304|220|790
C2305|790|220
C2306|220|790
C2307|790|220
C2308|220|790
C2309|790|220
C2581|446|220
C2582|220|446
C2583|446|220
C2584|220|446
C2585|446|220
C2586|220|446
C2587|446|220
C2588|220|446
C2589|446|220
C2590|220|446
C2591|446|220
C2592|220|446
C2593|446|220
C2594|220|446
C2596|220|446
C2611|446|792
C2612|792|446
C2613|446|792
C2614|792|446
C2615|446|792
C2616|792|446
C2801|898|2498
C2802|2498|898
C2803|898|2498
C2804|2498|898
C2805|898|1325
C2806|1325|898
C2807|898|1325
C2808|1325|898
C2809|898|2497
C2881|2497|1325
C2882|1325|2498
C2883|2498|1325
C2884|1325|2498
C2885|2498|1325
C2886|1325|2498
C2887|2498|1325
C2888|1325|2498
C2889|2498|1325
C2890|1325|2498
C2891|2498|1325
C2892|1325|2498
C2893|2498|1325
C2894|1325|2498
C2895|2498|1325
C2896|1325|2497
C2900|2497|1882
C2901|1882|898
C2903|898|1882
C2905|1882|2497
C2906|2497|1882
C2907|1882|2497
C2908|2497|1882
C2909|1882|898
C2911|898|1882
C2913|1882|2497
C2914|2497|1882
C2915|1882|2497
C2921|1882|1325
C2922|2497|1882
C2923|2498|1325
C2924|1325|2498
C2925|1882|2497
C2926|1325|1882
C2927|1882|1325
C2928|2497|1882
C2930|1325|2497
C2951|1882|2497
C2952|2497|1882
C2961|2497|1325
C2962|1325|2498
C2963|2498|1325
C2964|1325|2498
C2965|2498|1325
C2966|1325|2497
C2967|2497|1325
C2968|1325|898
C2969|898|1325
C2970|1325|2497
C2971|2497|1325
C2972|1325|898
C2973|898|1325
C2974|1325|2498
C2975|2498|1325
C2976|1325|2497
C5001|1625|629
C5002|629|1576
C5005|1576|629
C5006|629|1576
C5007|1576|629
C5008|629|1576
C5011|1576|629
C5012|629|1576
C5013|1576|629
C5014|629|1576
C5017|1576|629
C5018|629|1625
C5019|1576|629
C5020|629|1625
C6101|1230|2693
C6102|2693|1230
C6103|1230|2693
C6104|2693|1902
C6105|1902|2693
C6106|2693|1230
C6107|1902|2693
C6108|2693|1902
C6109|1902|2693
C6110|2693|1902
C6111|1902|2511
C6112|2511|1230
C6113|1230|2693
C6114|2693|1230
C6115|1230|2511
C6116|2511|1902
C6117|1230|2693
C6118|2511|1902
C6119|1902|2511
C6120|2693|1902
C6121|1902|2693
C6122|2693|1230
C6123|1902|2693
C6124|2693|1230
C6127|1902|2511
C6128|2511|1230
C6129|1230|2511
C6130|2511|1902
C6131|1902|2511
C6132|2511|1902
C6133|1902|2511
C6134|2511|1902
C6135|1902|2511
C6136|2511|1230
C6137|1230|2511
C6138|2511|1230
C6139|1230|2511
C6140|2511|1902
C6141|1902|2511
C6142|2511|1902
C6143|1902|2511
C6144|2511|1230
C6145|1230|2511
C6146|2511|1230
C6152|2097|1902
C6153|1902|2097
C6154|2097|1902
C6155|1230|2097
C6156|2097|1230
C6157|1902|2097
C6158|2097|1902
C6160|2097|1902
C6181|1230|1177
C6182|1177|1902
C6183|1902|1177
C6184|1177|1230
C6185|1902|1177
C6186|1177|1230
C6202|1231|1644
C6209|1644|1231
C6211|2164|1231
C6213|2164|1231
C6214|1231|2164
C6215|2164|1231
C6216|1231|2164
C6217|2164|1231
C6218|1231|2164
C6219|2164|1231
C6220|1231|2164
C6221|2164|1231
C6222|1231|2164
C6224|1231|2164
C6251|1231|2026
C6252|2026|1231
C6253|1231|1021
C6254|190|1232
C6255|1231|190
C6256|190|1231
C6257|1232|190
C6258|190|1231
C6259|1231|190
C6260|2026|1231
C6261|1231|2026
C6264|1021|1232
C6265|1231|1021
C6266|1021|1231
C6267|1232|1021
C6268|1021|1232
C6269|1231|1021
C6270|1021|1231
C6271|1232|1021
C6272|190|1231
C6301|1644|1021
C6302|1021|1644
C6303|1644|1021
C6304|1021|1644
C6305|1644|190
C6306|1021|1644
C6307|1644|1021
C6308|1021|1644
C6309|1644|1021
C6310|190|1644
C6311|1644|1021
C6312|1021|1644
C6313|1644|190
C6314|1021|1644
C6315|1644|1021
C6316|1021|1644
C6361|2403|1150
C6362|1150|2404
C6363|2404|1150
C6364|1150|2404
C6365|2404|1150
C6366|1150|2404
C6367|2404|1150
C6368|1150|2404
C6801|1784|1783
C6802|1783|1784
C6803|1784|1783
C6804|1783|1784
C6805|1784|1783
C6806|1783|1784
C6807|1784|1783
C6808|1783|1784
C6809|1784|1783
C6810|1783|1784
C6811|1784|1783
C6812|1783|1784
C6813|1784|1783
C6814|1783|1784
C6815|1784|1783
C6816|1783|1784
C6817|1784|1783
C6818|1783|1784
C6819|1784|1783
C6820|1783|1784
C6821|1784|1783
C6822|1783|1784
C6823|1784|1783
C6824|1783|1784
C6851|1095|2203
C6852|2203|1095
C6853|1095|2203
C6854|2203|1095
C6855|1095|2203
C6856|2203|1095
C6857|1095|2203
C6858|2203|1095
C6859|1095|2203
C6860|2203|1095
C6861|1095|2203
C6862|2203|1095
C6863|1095|2203
C6864|2203|1095
C6865|1095|2203
C6866|2203|1095
C6867|1095|2203
C6868|2203|1095
C6869|1095|2203
C6870|2203|1095
C7601|1098|1930
C7602|1930|1098
C7603|1098|1930
C7605|1098|1930
C7606|1930|1098
C7608|1930|1098
C7609|1098|1930
C7610|1930|1098
C7611|1098|1930
C7612|1930|1098
C7615|1098|1930
C7616|1930|1098
C7617|1098|1930
C7618|1930|1098
C7619|1098|1930
C7621|1098|1930
C7622|1930|1098
C7624|1930|1098
C7625|1098|1930
C7626|1930|1098
C7627|1098|1930
C7628|1930|1098
C7630|1930|1098
C7631|1098|1930
C7633|1098|1930
C7634|1930|1098
C7635|1098|1930
C7637|1098|1930
C7638|1930|1098
C7639|1098|1930
C7640|1930|1098
C7642|1930|1098
C7643|1098|1930
C7644|1930|1098
C7646|1930|1098
C7647|1098|1930
C7649|1098|1930
C7650|1930|1098
C7651|1098|1930
C7653|1098|1930
C7654|1930|1098
C7655|1098|1930
C7656|1930|1098
C7658|1930|1098
C7659|1098|1930
C7660|1930|1098
C7662|1930|1098
C7663|1098|1930
C7665|1098|1930
C7666|1930|1098
C7667|1098|1930
C7669|1098|1930
C7670|1930|1098
C7671|1098|1930
C7672|1930|1098
C7674|1930|1098
C7675|1098|1930
C7676|1930|1098
C7678|1930|1098
C7679|1098|1930
C7681|1098|1930
C7682|1930|1098
C7683|1098|1930
C7686|1930|1098
C7687|1098|1930
C7688|1930|1098
C7701|1098|1283
C7702|1283|1098
C7704|1283|1098
C7705|1098|1283
C7707|1098|1283
C7708|1283|1098
C7709|1098|1283
C7710|1283|1098
C7712|1283|1098
C7713|1098|1283
C7715|1098|1283
C7716|1283|1098
C7717|1098|1283
C7718|1283|1098
C7720|1283|1098
C7721|1098|1283
C7723|1098|1283
C7724|1283|1098
C7725|1098|1283
C7726|1283|1098
C7728|1283|1098
C7729|1098|1283
C7731|1098|1283
C7732|1283|1098
C7733|1098|1283
C7734|1283|1098
C7736|1283|1098
C7737|1098|1283
C7739|1098|1283
C7740|1283|1098
C7741|1098|1283
C7742|1283|1098
C7744|1283|1098
C7745|1098|1283
C7747|1098|1283
C7748|1283|1098
C7749|1098|1283
C7750|1283|1098
C7752|1283|1098
C7901|1052|984
C7902|984|1052
C7903|1052|984
C7906|984|1052
C7907|1052|984
C7908|984|1052
C7909|1052|984
C7910|984|1052
C7911|1052|984
C7914|984|1052
C7915|1052|984
C7916|984|1052
C7917|1052|984
C7918|984|1052
C7919|1052|984
C7922|984|1052
C7923|1052|984
C7924|984|1052
C7925|1052|984
C7926|984|1052
C7927|1052|984
C7930|984|1052
C7931|1052|984
C7932|984|1052
C7933|1052|984
C7934|984|1052
C7935|1052|984
C7938|984|1052
C7939|1052|984
C7940|984|1052
C7941|1052|984
C7942|984|1052
C7943|1052|984
C7946|984|1052
C7947|1052|984
C8501|355|130
C8502|130|355
C8503|355|130
C8504|130|355
C8505|355|130
C8506|130|355
C8507|355|130
C8508|130|355
C8509|355|130
C8510|130|355
C8511|355|130
C8512|130|355
C8513|355|130
C8514|130|355
C8515|355|130
C8516|130|355
C8517|355|130
C8518|130|355
C8519|355|130
C8520|130|355
C8521|355|130
C8522|130|355
C8523|355|130
C8524|130|355
C8525|355|130
C8526|130|355
C8527|355|130
C8528|130|355
C8529|355|130
C8530|130|355
C8531|355|130
C8532|130|355
C8533|355|130
C8534|130|355
C8601|358|130
C8602|130|358
C8603|358|130
C8604|130|358
C8605|358|130
C8606|130|358
C8607|358|130
C8608|130|358
C8609|358|130
C8610|130|358
D1|443|1670
D10|1671|443
D101|443|638
D102|638|443
D11|443|1671
D112|2846|1934
D114|1934|2846
D116|638|1132
D118|1132|638
D12|1671|443
D13|443|1670
D14|1671|443
D15|443|1670
D16|1670|443
D17|443|1671
D18|1671|443
D19|443|2599
D2|1670|443
D20|2599|443
D2001|447|2453
D2003|447|2453
D2005|447|144
D2007|2033|800
D2008|800|2033
D201|497|1098
D202|1098|497
D2021|792|800
D203|497|1098
D204|1098|497
D205|497|1098
D206|1098|497
D207|497|1098
D208|1098|497
D21|443|1934
D211|2404|1098
D212|1098|2404
D22|1934|443
D2202|1231|2497
D2206|61|1231
D2208|1231|61
D2212|61|2524
D2214|2524|61
D2216|61|2524
D2218|2524|61
D2222|1442|1231
D2224|1231|1442
D2226|2087|2524
D2228|2524|2087
D2232|544|2524
D2234|2524|544
D2236|505|1231
D2238|1231|505
D2242|2087|1231
D2244|1231|2087
D2246|1442|2524
D2248|2524|1442
D2251|1625|2524
D2252|2524|1625
D2255|482|1231
D2256|1231|482
D2259|1625|1231
D2262|1442|1231
D2264|1231|1442
D2265|1625|2524
D2266|2524|1625
D2268|523|2524
D2270|2524|523
D2276|1577|2524
D2278|2524|1577
D2281|481|1783
D2283|61|1783
D2285|61|1783
D2286|1783|61
D2287|61|1783
D2288|1783|61
D2293|1804|1783
D2294|1783|1804
D2295|2088|1783
D2296|1783|1718
D2297|1718|1783
D2298|1783|2088
D23|443|2599
D2301|2088|1783
D2304|1783|1569
D2306|1783|2088
D2307|2088|1783
D2308|1783|2088
D2309|2088|1783
D2310|1783|2088
D2311|2088|1783
D2312|1783|2088
D2313|1706|1783
D2314|1783|1706
D2315|1706|1783
D2318|1783|544
D2319|544|1783
D2320|1783|1706
D2321|506|1783
D2322|1783|506
D2323|2088|1783
D2324|1783|2088
D2325|1569|1783
D2326|1783|2088
D2327|2088|1783
D2328|1783|2088
D2329|544|1783
D2330|1783|2087
D2331|2087|1783
D2332|1783|544
D2341|544|1783
D2342|1783|544
D2343|1706|1783
D2344|1783|1706
D2345|544|1783
D2346|1783|544
D2349|544|1783
D2350|1783|544
D2351|2856|1783
D2352|1783|2856
D2353|2856|1783
D2354|1783|2856
D2355|2856|1783
D2356|1783|2856
D2357|2417|1783
D2358|1783|2417
D2361|497|1098
D2362|1098|497
D2363|497|1098
D2364|1098|497
D2367|1511|1930
D2368|1930|1511
D2371|497|1098
D2372|1098|497
D2373|482|1231
D2374|1231|482
D24|2599|443
D25|443|2847
D26|2847|443
D2602|2605|2087
D2604|2087|2605
D2606|2605|544
D2608|544|2605
D27|443|638
D2701|358|185
D2703|358|185
D2704|185|358
D2705|358|185
D2706|185|358
D2707|358|185
D2708|185|358
D2711|358|185
D2712|185|358
D2714|185|358
D2719|2357|185
D2720|185|2357
D2721|358|2357
D2722|2357|358
D2723|358|2357
D2724|2357|355
D2725|355|2357
D2731|358|2357
D2732|2357|358
D2733|358|2357
D2734|2357|358
D2735|358|2357
D2736|2357|358
D2741|358|664
D2742|664|358
D2743|355|664
D2744|664|358
D2745|355|664
D2746|1920|358
D2747|358|664
D2748|664|355
D2749|358|664
D2750|664|358
D2751|358|664
D2752|664|355
D2753|355|664
D2754|664|358
D2755|358|664
D2756|664|358
D2757|355|1920
D2758|664|358
D2781|2357|664
D2782|664|358
D28|638|443
D2803|2404|1098
D2804|1098|2404
D2805|2404|1098
D2806|1098|2404
D2807|2404|1098
D2808|1098|2404
D2809|2404|1098
D2810|1098|2404
D2811|2404|1098
D2812|1098|2404
D2813|2404|1098
D2814|1098|2404
D2815|2404|1098
D2816|1098|2404
D2817|2404|1098
D2818|1098|2404
D2819|2404|1098
D2820|1098|2404
D2821|2404|1098
D2822|1098|2404
D2823|2404|1098
D2825|2404|1098
D2826|1098|2404
D2827|2404|1098
D2828|1098|2404
D2829|2404|1098
D2830|1098|2404
D2831|2404|1098
D2832|1098|2404
D2833|2404|1098
D2834|1098|2404
D2835|2404|1098
D2836|1098|2404
D2837|2404|1098
D2838|1098|2404
D2840|1098|2404
D2841|2404|1098
D2842|1098|2404
D2843|2404|1098
D2844|1098|2404
D2877|1095|2404
D2879|2404|1095
D29|443|2847
D295|2497|2087
D2959|1511|1098
D296|2087|2497
D2961|1511|1098
D2962|1098|1511
D2963|1511|1098
D2964|1098|1511
D2965|1511|1098
D2967|1511|1098
D2968|1098|1511
D2969|1511|1098
D2970|1098|1511
D2971|1511|1098
D2972|1098|37
D2973|1511|1098
D2974|1098|1511
D2975|37|1098
D2976|1098|1511
D2977|1511|1098
D2979|1511|1098
D2980|1098|1511
D2982|1098|1511
D2992|1098|1493
D2994|1493|1098
D2995|1095|1511
D2997|1511|1095
D3|443|1671
D30|2847|443
D3002|61|1577
D3006|61|918
D3010|61|1625
D3012|1625|61
D3014|61|1625
D3016|1625|61
D3022|61|1576
D3026|61|1625
D3032|61|1625
D3034|1625|61
D3042|61|1625
D3044|1576|61
D3046|61|1625
D3048|1576|61
D3052|61|1625
D3054|1625|61
D3056|61|1625
D3058|1625|61
D3064|61|1625
D3068|61|1625
D3070|1625|61
D3072|61|918
D3074|918|61
D3077|482|918
D3078|918|482
D3081|482|918
D3082|918|482
D3086|61|1625
D3090|61|1625
D3094|61|1625
D31|777|443
D3101|61|2087
D3102|2087|61
D3103|61|2088
D3104|2273|61
D3109|1804|2087
D311|446|59
D3110|2087|1804
D3111|1442|1783
D3112|1783|1442
D312|59|446
D3125|481|1783
D313|446|59
D3131|61|2856
D3135|481|2417
D314|59|446
D3141|61|2856
D3145|61|2417
D3147|2417|61
D3152|523|1625
D3156|523|1625
D3158|1625|523
D3201|61|544
D3205|61|544
D3207|61|544
D321|446|59
D3211|869|544
D3212|544|869
D3215|869|544
D3217|1442|544
D3218|544|1442
D3219|869|544
D322|59|446
D3220|544|869
D3222|506|1577
D3223|1577|506
D3226|506|1577
D3227|1577|506
D3231|1442|544
D3232|544|1442
D3241|1577|506
D3242|506|1577
D3245|1577|506
D3246|506|1577
D3256|506|918
D3258|918|506
D3262|1625|2087
D3264|2087|1625
D3272|1625|544
D3274|544|1625
D3276|1625|544
D3278|544|1625
D3291|61|2856
D3293|2856|61
D3295|482|2856
D33|443|777
D3301|869|506
D3303|506|869
D3305|869|544
D3306|544|869
D331|1577|1804
D332|1804|1577
D3321|61|1569
D3322|1569|61
D3323|61|68
D3325|839|61
D352|61|1231
D354|1231|61
D3561|2404|458
D3563|2404|458
D3564|1537|2404
D3566|497|2404
D3567|2404|1537
D3568|458|2404
D3569|2404|497
D3570|458|2404
D3592|1511|2404
D3594|1511|2404
D3601|497|1098
D3602|1098|497
D3603|497|1098
D3604|1098|497
D3605|496|1098
D3607|497|1098
D3608|1098|497
D3609|497|1098
D3610|1098|497
D3611|497|1098
D3612|1098|497
D3614|1098|497
D3615|497|1098
D3616|1098|497
D3617|497|1098
D3618|1098|497
D3619|497|1098
D3621|497|1098
D3622|1098|496
D3624|1098|496
D3625|496|1098
D3626|1098|497
D3627|497|1098
D3628|1098|497
D3630|1098|497
D3631|497|1098
D3632|1098|497
D3633|497|1098
D3634|1098|497
D3635|497|1098
D3637|497|1098
D3638|1098|497
D3639|497|1098
D3640|1098|497
D3641|497|1098
D3643|496|1098
D3646|1098|497
D3647|497|1098
D3648|1098|497
D3650|1098|497
D366|1577|1231
D3677|1095|497
D3679|497|1095
D368|1231|1577
D3682|1098|2549
D3684|2627|1098
D3686|1098|2627
D3688|2627|1098
D3692|2549|1098
D37|443|778
D3706|1098|458
D3708|458|1098
D3710|1098|458
D3712|458|1098
D3714|1098|458
D3716|458|1098
D3718|1098|458
D3722|1098|497
D3724|458|1098
D3726|1098|458
D3728|458|1098
D3751|1510|1098
D3752|1098|1493
D3753|1493|1098
D3754|1098|1493
D3755|1493|1098
D3756|1098|1493
D3757|1493|1098
D3760|1098|1493
D3761|1493|1098
D3762|1098|1510
D377|1442|544
D378|544|61
D3782|1098|2008
D3784|2008|1098
D3786|1098|2008
D379|61|544
D3792|2008|1098
D380|544|1442
D381|61|2273
D382|2088|61
D39|778|443
D3901|2387|1783
D3902|1783|2387
D4|1671|443
D41|443|778
D43|778|443
D45|443|778
D5|443|1671
D51|443|1671
D5102|1231|136
D5105|136|1231
D5111|2473|1231
D5112|1231|2473
D5114|2620|1231
D5116|1231|2620
D5122|524|1231
D5124|1231|524
D5126|1089|1231
D5128|1231|1089
D5129|485|524
D5130|524|485
D5131|2524|1089
D5132|1089|2524
D5133|2524|2620
D5134|2620|2524
D5137|2293|2524
D5139|2524|2293
D5141|2524|586
D5142|586|2524
D5143|2524|586
D5144|586|2524
D5145|2524|1860
D5146|1860|2524
D5147|2524|1860
D5148|1860|2524
D5151|2293|484
D5152|484|2293
D5153|2293|484
D5154|1230|2293
D5156|1231|2293
D5159|1580|1231
D5160|1231|1580
D5161|484|1231
D5162|1230|484
D5163|2473|1231
D5164|1231|2473
D5171|1094|1231
D5172|1231|1094
D5173|1094|1231
D5174|1231|1094
D5175|1094|1231
D5176|1231|1094
D5177|1094|1231
D5178|1231|1094
D5179|1094|1230
D5180|484|1094
D5181|2444|1231
D5182|1230|2444
D5184|1230|2444
D5185|2444|1231
D5186|1231|2444
D5187|2444|1231
D5188|1231|2444
D5189|2444|1231
D5190|1231|2444
D5191|2444|1231
D5192|1231|2444
D5193|2444|1230
D5194|1231|2444
D5195|2444|1230
D5196|1231|2444
D5197|2444|1231
D52|1671|443
D5203|1625|2348
D5204|2348|1576
D5206|1576|465
D5208|465|1625
D5211|1625|465
D5212|465|1577
D5213|1625|465
D5214|465|1625
D5216|1577|465
D5218|2348|1577
D5220|2348|1625
D5221|1625|2348
D5222|465|1625
D5232|1576|2348
D5234|2348|1576
D5239|1625|2348
D5240|2348|1625
D5242|1576|2348
D5244|2348|1576
D5245|1625|2348
D5246|2348|1625
D5248|727|2348
D5301|800|2453
D5302|2453|800
D5303|800|2453
D5304|2453|800
D5305|800|2453
D5306|2453|800
D5307|800|2453
D5308|2453|800
D5309|800|2453
D5310|2453|800
D5311|800|2453
D5312|2453|800
D5313|800|2453
D5314|2453|800
D5315|800|2453
D5316|2453|800
D5317|800|2453
D5318|2453|800
D5319|800|2453
D5320|2453|800
D5333|800|265
D5334|265|800
D5495|590|346
D5499|590|346
D5571|482|913
D5572|913|482
D5601|482|886
D5602|886|482
D5603|482|886
D5604|886|482
D5606|886|482
D5607|482|886
D5608|886|482
D5609|482|886
D5610|886|482
D5641|482|2221
D5642|2221|482
D5651|590|886
D5652|886|590
D5654|886|590
D5655|590|886
D5656|886|590
D5657|590|886
D5659|590|886
D5660|886|590
D5661|590|886
D5662|886|590
D5663|590|886
D5664|886|590
D5665|590|886
D5666|886|590
D5702|1576|419
D5704|918|1576
D5712|1576|918
D5714|918|1576
D5716|1576|918
D5722|1576|918
D5724|419|1576
D5726|1576|918
D5728|918|1576
D5817|1625|918
D5819|1625|918
D5820|918|1625
D5826|918|1625
D5835|1625|2264
D5836|2264|1625
D5852|1577|918
D5854|918|1577
D5856|1577|918
D5858|918|1577
D5862|1577|918
D5864|918|1577
D5866|1577|918
D5868|918|1577
D5876|1577|918
D5878|918|1577
D5896|918|1625
D5906|1577|918
D5921|1625|918
D5922|918|1625
D5923|1625|918
D5924|918|1625
D5926|1577|918
D5928|918|1577
D5930|1577|918
D5932|918|1577
D5936|1577|918
D5952|727|918
D5954|918|727
D5955|1625|918
D5956|918|1625
D5989|1625|1215
D5990|1215|1576
D5992|1577|1215
D5994|1215|1577
D5996|1577|419
D5998|419|1577
D6|1671|443
D6002|2696|1740
D6003|1740|2696
D6016|2696|1742
D6052|1876|1740
D6053|1740|1876
D6071|1740|2270
D6195|2293|2097
D6203|2087|544
D6205|2088|544
D6213|2087|544
D6215|2087|544
D6218|1846|2087
D6221|2087|1846
D6230|544|2087
D6232|544|2088
D632|1577|1230
D6335|2095|2087
D6336|2087|2095
D6337|2095|2087
D6338|2087|2095
D6341|202|505
D6342|505|202
D6344|505|202
D6345|202|505
D6348|505|202
D6349|202|505
D6350|505|202
D6351|202|505
D6352|505|202
D6354|505|202
D6356|505|202
D6358|505|202
D636|61|1231
D6360|505|202
D6372|506|202
D6374|506|202
D6376|506|202
D638|1231|61
D6381|2095|2856
D6383|2856|2095
D6391|202|505
D6392|505|202
D6403|2087|2856
D6405|2087|2856
D6407|2087|2856
D6409|2087|2856
D6415|2087|2856
D6417|2087|2856
D6419|2087|2856
D6435|2856|2087
D6437|2856|2087
D6439|2856|2087
D6441|2856|2087
D6443|2856|2087
D6449|2856|2087
D6477|2856|544
D6478|544|2856
D6501|505|2087
D6502|2087|505
D6503|505|2087
D6504|2087|505
D6505|202|2087
D6506|2087|506
D6507|505|2087
D6508|2087|202
D6509|506|2087
D6510|2087|505
D6511|505|2087
D6512|2087|505
D6513|506|2856
D6515|2856|506
D6524|544|506
D6525|202|544
D6526|544|505
D6527|506|544
D6529|505|1846
D6530|544|506
D6533|506|544
D6534|1846|506
D6541|31|2087
D6542|2087|31
D6548|479|506
D656|869|2524
D6571|2087|2417
D6573|2417|2087
D6575|2087|2417
D6577|2417|2087
D658|2524|869
D6611|443|645
D6613|645|443
D6615|443|645
D6617|645|443
D6619|443|2103
D6620|2103|443
D6675|2088|2417
D6677|2417|2088
D671|2088|1783
D672|1783|2088
D6721|447|2033
D6724|2033|792
D6725|792|2033
D6732|2033|2103
D6734|2103|2033
D6736|2033|2103
D6738|2103|2033
D6751|619|435
D6752|435|618
D6753|619|435
D6754|435|618
D6755|618|435
D6756|435|618
D6757|618|435
D6758|435|618
D6759|618|435
D6760|435|618
D6761|618|435
D6762|435|618
D6763|618|435
D6764|435|619
D6765|618|435
D6766|435|619
D6767|619|2512
D6768|2512|619
D6769|2678|435
D6770|435|2678
D6771|2678|435
D6772|435|2678
D6773|2678|2512
D6774|2512|2678
D681|2273|1783
D686|1783|2273
D6901|636|2846
D6902|2846|638
D6904|2846|638
D6905|638|2846
D6907|636|2846
D6908|2846|636
D6909|638|2846
D6910|2846|638
D6912|2846|636
D6913|636|2846
D6915|636|2846
D6916|2846|638
D7|443|1671
D7221|1751|19
D7222|19|1751
D7224|19|1751
D7226|19|1751
D7227|1751|19
D7229|1751|19
D73|443|595
D7303|1751|19
D7304|19|1752
D7306|19|1752
D7307|1751|19
D7308|19|1751
D7310|19|1752
D7311|1752|19
D7312|19|1752
D7313|1752|19
D7315|1752|19
D7316|19|1752
D7317|1751|19
D7319|1752|19
D7320|19|1751
D7321|1752|19
D7322|19|1752
D7323|1752|19
D7324|19|1752
D7325|1752|19
D7326|19|1752
D7327|1752|19
D7329|1751|19
D7330|19|1751
D7332|19|1752
D7333|1752|19
D7335|1751|19
D7336|19|1752
D7337|1752|19
D7338|19|1752
D7339|1752|19
D7340|19|1751
D7341|1752|19
D7342|19|1752
D7343|1752|19
D7344|19|1751
D7345|1751|19
D7346|19|1752
D7348|19|1752
D7349|1752|19
D7350|19|1752
D7351|1751|19
D7352|19|1752
D7353|1752|19
D7354|19|1752
D7361|1752|19
D7362|19|1752
D7368|19|1752
D7369|1752|19
D7370|19|1752
D7372|19|1752
D7373|1752|19
D7374|19|1752
D7375|1752|19
D7379|1752|19
D7380|19|1752
D7381|1752|19
D7382|19|1752
D7383|1752|19
D7385|1752|19
D7387|1752|19
D74|595|443
D7401|1857|1783
D7402|1783|1857
D7403|1857|1783
D7404|1783|1857
D7405|1857|1783
D7406|1783|1857
D7407|1857|1783
D7408|1783|1857
D7409|1857|1783
D7410|1783|1857
D7411|1857|1783
D7412|1783|2736
D7413|2736|1783
D7414|1783|1857
D7415|1857|1783
D7416|1783|1857
D7417|1857|1783
D7418|1783|1857
D7419|1857|1783
D7420|1783|1857
D7523|1857|1096
D7527|1857|1096
D7529|1096|1857
D7531|1857|1096
D7601|1670|156
D7602|156|1671
D7603|1670|156
D7604|156|1670
D7606|156|1670
D7607|1670|156
D7609|1671|156
D7610|156|1671
D7611|1670|156
D7612|156|1670
D7613|1670|156
D7614|156|1670
D7615|1670|156
D7616|156|1670
D7619|1671|156
D7620|156|1670
D7621|1670|156
D7622|156|1670
D7623|1670|156
D7624|156|1671
D7625|1670|156
D7626|156|1670
D7629|1670|156
D7630|156|1670
D7631|1670|156
D7632|156|1670
D7633|1671|156
D7634|156|1670
D7635|1670|156
D7636|156|1670
D7638|156|1670
D7639|1670|156
D7640|156|1670
D7641|1670|156
D7651|1670|156
D7652|156|1670
D7653|1670|156
D7654|156|1670
D7671|1670|1412
D7672|1412|1670
D7676|156|1132
D7678|1132|156
D7689|1098|1930
D7690|1930|1098
D7701|778|156
D7702|156|777
D7703|778|156
D7704|156|778
D7705|777|156
D7706|156|778
D7707|778|156
D7708|156|778
D7709|778|156
D7710|156|778
D7721|778|156
D7722|156|778
D7723|778|1106
D7724|1106|778
D7731|1670|778
D7733|778|1670
D7735|1670|778
D7737|778|1670
D7739|1670|778
D7741|778|1670
D7743|1670|778
D7745|778|1670
D7747|1670|778
D7749|778|1670
D7751|1670|778
D7753|778|1670
D7755|1670|778
D7757|778|1670
D7811|2605|1210
D7812|1210|2605
D7821|2847|2846
D7822|2846|2847
D7823|2847|2846
D7824|2846|2847
D7825|2847|2846
D7826|2846|2847
D7827|2847|2846
D7828|2846|2847
D7831|2847|2846
D7832|2846|2847
D7880|2846|2847
D7881|2847|2846
D7882|2846|2847
D7901|638|2847
D7902|2847|636
D7903|638|2847
D7904|2847|636
D7905|638|2847
D7907|636|2847
D7908|2847|638
D7909|636|2847
D7910|2847|638
D7911|638|2847
D7912|2847|636
D7913|636|2847
D7914|2847|636
D7915|638|2847
D7916|2847|636
D7917|636|2847
D7918|2847|638
D7919|636|2847
D7920|2847|636
D7921|638|2847
D7922|2847|636
D7923|636|2847
D7924|2847|638
D7925|638|2847
D7926|2847|636
D7927|636|2847
D7928|2847|638
D7929|638|2847
D7930|2847|636
D7932|2847|638
D7933|636|2847
D7934|2847|636
D7935|636|2847
D7936|2847|638
D7938|2847|638
D7981|636|742
D7982|742|636
D7983|636|742
D7984|742|636
D7991|638|2847
D8|1671|443
D8073|777|1255
D8074|1255|777
D8075|1003|1670
D8076|1670|1003
D8090|1132|1255
D8092|1255|1132
D8095|1670|2599
D8096|2599|1671
D8097|1671|2599
D8098|2599|1671
D81|1442|202
D8131|1670|1255
D8132|1255|1670
D8133|1671|1255
D8134|1255|1670
D8135|1670|1255
D8136|1255|1671
D8137|1671|1255
D8138|1255|1671
D8139|1671|1255
D8140|1255|1670
D8141|1670|1255
D8142|1255|1671
D8201|1510|497
D8203|1510|496
D8204|496|1510
D8205|1510|496
D8208|497|1510
D8209|1511|497
D8210|496|1510
D8211|1510|496
D8212|496|1510
D8232|2407|497
D8234|497|2407
D8236|2407|497
D8238|497|2407
D8240|2407|497
D8242|497|2407
D8251|1493|496
D8252|458|1493
D8264|458|1510
D8267|1510|458
D8291|497|2627
D8293|1511|2627
D8294|2627|1511
D8295|1510|2627
D8296|2627|1511
D8305|497|458
D8307|496|458
D8308|458|497
D8312|458|497
D8332|2008|497
D8333|497|2008
D8334|2008|497
D8335|497|2008
D8336|2008|497
D8341|1510|2008
D8342|2008|1510
D8347|496|1537
D8348|1537|2008
D8352|2008|458
D8354|458|2008
D8501|2040|2524
D8502|2524|2040
D8503|2040|2524
D8504|2524|2040
D8505|2040|2524
D8506|2524|2040
D8511|136|2524
D8512|2524|136
D8513|136|2524
D8514|2524|136
D8515|136|2524
D8516|2524|136
D8525|1770|2524
D8526|2524|1770
D8531|2595|2524
D8532|2524|2595
D8533|2595|2524
D8534|2524|2595
D8801|634|185
D8802|185|634
D8803|634|185
D8804|185|634
D8805|634|185
D8806|185|634
D8807|634|185
D8808|185|634
D8813|634|185
D8923|544|1846
D8924|1846|544
D8927|2095|2088
D8928|2088|2095
D8935|2417|1938
D8936|1938|2417
D8969|497|2008
D8970|2008|497
D8971|496|2627
D8972|2627|496
D9|443|1671
D901|447|1783
D903|447|1783
D909|447|1783
D9215|800|1616
D9216|1616|800
D9217|800|1616
D9218|1616|800
D923|447|1930
D927|447|1783
D931|61|1098
D933|1098|61
D935|61|1098
D937|1098|61
D939|447|2404
D940|2404|447
D941|61|1098
D943|1098|61
G1|446|61
G1001|1577|1783
G1002|1783|1577
G1003|1577|1783
G1004|1783|1577
G1005|1577|1783
G1007|1577|1783
G1008|1783|1577
G1009|1577|1783
G101|446|61
G1010|1783|1577
G1012|1783|1577
G1013|1577|1783
G1014|1783|1577
G1015|1577|1783
G1016|1783|1577
G1017|1577|1783
G1018|1783|1577
G1019|1577|1783
G102|61|446
G1020|1783|1577
G1021|1577|1783
G1022|1783|1577
G1032|1783|918
G1034|918|1783
G104|61|446
G105|446|61
G106|61|446
G107|446|61
G108|61|446
G109|446|61
G11|446|61
G110|61|446
G1101|1577|1098
G1102|1098|1577
G1103|1577|1098
G1104|1098|1577
G1105|1577|1098
G1106|1098|1577
G1107|1577|1098
G1108|1098|1577
G1109|1577|1098
G111|446|61
G1110|1098|1577
G1111|1577|1098
G1112|1098|1577
G1113|482|1098
G1114|1098|1577
G1115|1577|1098
G1117|1577|1098
G112|61|446
G1120|1098|1577
G1121|1577|1098
G1122|1098|1577
G1123|1577|1098
G1124|1098|1577
G1125|1577|1098
G1126|1098|1577
G1127|1577|1098
G1129|1577|1098
G113|446|61
G1130|1098|1577
G1132|1098|1577
G1133|1577|1098
G1134|1098|1577
G1135|1577|1098
G1136|1098|1577
G1138|1098|1577
G1139|1577|1098
G114|61|446
G1140|1098|1577
G1141|1577|1098
G1143|1577|1098
G1144|1098|1577
G1148|918|1098
G115|446|61
G1152|1098|1625
G1154|1625|1098
G116|61|446
G117|446|61
G118|61|446
G119|446|61
G12|61|446
G120|61|446
G1202|638|61
G1204|61|638
G1206|638|2697
G121|446|61
G1212|2599|61
G1214|61|2599
G122|61|446
G1222|1671|869
G1224|869|1671
G1226|1671|61
G1228|61|1671
G123|446|61
G1230|156|61
G1232|61|156
G1234|2599|61
G1236|61|2599
G124|61|446
G1242|2599|1742
G1244|1740|2599
G1246|638|2697
G1248|2697|638
G125|446|61
G1251|777|61
G1252|61|778
G1256|2599|61
G1258|61|2599
G126|61|446
G1262|638|2498
G1264|2498|638
G1266|2599|2697
G127|446|61
G1276|638|1577
G1278|1577|638
G128|61|446
G129|446|61
G1290|1577|1670
G1292|1670|1577
G1298|2033|1670
G13|446|61
G130|61|446
G1300|1670|2033
G1301|61|1098
G1303|61|1098
G1304|1098|61
G1305|61|1098
G131|446|61
G1312|1783|2524
G1314|2524|1783
G1316|1098|1231
G1318|1231|1098
G132|61|446
G1321|61|2404
G1322|2404|482
G1323|61|2404
G1324|2404|61
G1325|482|2404
G1326|2404|61
G1327|61|2404
G1328|2404|61
G1329|61|2404
G133|446|61
G1330|2404|61
G1331|1442|2404
G1332|2404|1442
G134|61|446
G1341|61|2605
G1342|2605|61
G1343|61|2605
G1344|2605|61
G1346|2605|61
G1347|61|2605
G1348|2605|61
G1349|61|2605
G135|446|61
G1350|2605|61
G1352|2605|61
G1353|61|2605
G1354|2605|61
G1355|61|2605
G1356|2605|61
G1357|61|2605
G1358|2605|61
G1359|61|2605
G136|61|446
G1361|61|2605
G1363|61|2605
G1364|2605|61
G1365|61|2605
G137|446|61
G1371|61|1210
G1373|61|1210
G1374|1210|61
G1376|1210|61
G138|61|446
G1382|506|61
G1383|61|506
G1384|506|61
G1386|506|61
G1387|61|506
G1389|61|506
G139|446|61
G1391|61|506
G1393|61|506
G1394|506|61
G1395|61|506
G14|61|446
G140|61|446
G1401|506|1098
G1402|1098|68
G1403|1442|1098
G1404|1098|1442
G1405|68|1098
G1406|1098|506
G141|446|61
G1416|869|2605
G142|61|446
G1421|1442|1210
G1422|1210|1442
G143|446|61
G1432|869|2605
G1434|2605|869
G144|61|446
G145|446|61
G1451|1442|506
G1452|506|1442
G1455|1442|506
G1456|506|1442
G146|61|446
G147|446|61
G148|61|446
G1481|482|2404
G1482|2605|482
G1483|482|2605
G1484|2404|482
G149|446|61
G1493|482|506
G15|446|61
G150|61|446
G1501|61|497
G1502|497|61
G1503|482|497
G1504|497|482
G1505|1442|458
G1507|2813|61
G1509|61|2813
G151|446|61
G152|61|446
G1521|1577|2404
G1522|2404|1577
G1523|1577|2404
G1524|2404|1577
G153|446|61
G1531|2498|2404
G1532|2404|2498
G1534|2404|2498
G154|61|446
G155|446|61
G156|61|446
G1563|447|2498
G1564|2498|447
G1565|447|2498
G1566|2498|447
G1569|506|2605
G157|446|61
G1571|447|893
G1572|893|447
G158|61|446
G16|61|446
G160|61|446
G1601|590|1783
G1602|1783|590
G161|446|886
G1611|590|544
G1619|590|506
G162|886|446
G1621|590|2087
G1624|2087|590
G163|446|2235
G1631|61|2087
G1632|2087|61
G1633|61|2087
G1634|2087|61
G1635|61|2087
G1636|2087|61
G1637|61|2087
G1638|2087|61
G1639|61|2087
G164|2235|446
G1641|1442|2087
G165|446|1442
G1651|61|544
G1652|544|61
G1653|61|544
G1655|61|544
G1657|61|544
G1658|544|61
G1659|61|544
G166|1442|446
G1661|2329|2856
G167|446|1804
G1671|482|544
G1672|2087|482
G1673|1186|544
G1675|1186|506
G1676|544|1186
G1677|482|2087
G1678|544|482
G1679|1442|543
G168|1804|446
G1686|2404|544
G1688|544|2404
G1692|2605|544
G1694|544|2605
G17|446|61
G171|792|2696
G172|2696|792
G173|792|2696
G174|2696|792
G1741|2329|2605
G1743|482|1098
G1745|590|2605
G175|446|2696
G177|446|2696
G178|2696|446
G179|446|2696
G18|61|446
G180|2696|446
G181|446|2696
G182|2696|446
G183|446|2696
G184|2696|446
G185|446|2696
G186|2696|446
G187|446|2696
G188|2696|446
G19|446|61
G190|2696|446
G191|446|2696
G192|2696|446
G193|446|2696
G194|2696|446
G195|446|2696
G196|2696|446
G197|446|2696
G198|2696|446
G199|446|2696
G2|61|446
G20|61|446
G200|2696|446
G201|446|482
G202|482|446
G203|446|482
G204|482|446
G205|446|482
G206|482|446
G21|446|61
G2101|2605|2404
G2102|2404|2605
G2103|2605|2404
G2104|2404|2605
G2105|2605|2404
G2106|2404|2605
G2107|2605|2404
G2108|2404|2605
G211|792|61
G212|61|792
G213|792|61
G214|61|792
G215|792|61
G216|61|792
G217|446|1671
G218|1671|446
G219|446|1670
G22|61|446
G220|1670|446
G222|61|2696
G224|2696|61
G226|61|2696
G230|61|2696
G2302|1804|2404
G2304|2404|1804
G2306|1804|2404
G2308|2404|1804
G2312|1804|2605
G2314|2605|1804
G2316|1804|2605
G2318|2605|1804
G2322|1804|506
G2324|506|1804
G2326|1804|506
G2332|869|2404
G2334|2404|869
G2335|482|2404
G2336|2404|482
G234|61|2696
G2342|869|497
G2344|497|869
G2352|869|2605
G2354|2605|869
G2356|869|506
G236|2696|61
G2362|869|2404
G2364|2404|869
G2365|61|2492
G2366|2492|61
G237|446|1670
G238|1670|446
G239|446|1671
G240|1671|446
G246|590|2696
G248|2696|590
G254|1442|2696
G256|2696|1442
G2602|800|1671
G2608|2103|800
G261|446|346
G262|590|446
G263|446|590
G264|590|446
G265|446|2813
G266|346|446
G267|446|590
G269|446|590
G27|446|2087
G270|2813|446
G272|590|446
G28|2087|446
G282|1442|2696
G284|2696|1442
G29|446|590
G2901|1511|1783
G2902|1783|1511
G2903|1511|1783
G2904|1783|1511
G2905|1511|1783
G2906|1783|1511
G2911|497|1783
G2912|1783|497
G2913|497|1783
G2914|1783|497
G2915|497|1783
G2916|1783|497
G2917|2404|1783
G2918|1783|2404
G292|790|2605
G294|2605|790
G297|1742|61
G298|61|1742
G3|446|61
G30|590|446
G301|446|2087
G303|446|2087
G307|447|1231
G308|1231|447
G309|447|2524
G31|446|1442
G310|2524|447
G312|1098|1231
G314|1231|1098
G32|1442|446
G323|446|544
G325|446|544
G329|792|2087
G331|446|1742
G332|1742|446
G333|446|1742
G335|446|1719
G336|1742|446
G337|446|1742
G338|1719|446
G34|1442|446
G35|446|1442
G351|446|2813
G352|2813|446
G353|2813|2087
G354|2087|2813
G355|446|544
G36|1442|446
G363|792|1577
G364|1577|792
G365|792|1577
G366|1577|792
G37|446|1442
G373|792|638
G374|638|792
G381|446|638
G382|638|446
G383|446|595
G384|595|446
G385|778|446
G387|446|778
G389|778|1742
G39|446|1442
G393|446|638
G394|638|446
G395|446|156
G396|156|446
G397|446|156
G398|156|446
G399|446|2599
G4|61|446
G40|1442|446
G400|2599|446
G401|447|2404
G402|2404|447
G403|447|2404
G404|2404|447
G41|446|1442
G412|61|446
G42|1442|446
G421|447|497
G422|497|447
G423|2033|496
G424|496|2033
G429|447|2498
G43|446|1442
G430|2498|447
G431|1577|497
G432|497|1577
G44|1442|446
G45|446|1640
G452|1186|2697
G454|2696|1186
G456|61|2270
G46|1640|446
G460|61|1876
G47|778|638
G471|446|1876
G474|1876|446
G475|446|2270
G476|2270|446
G48|638|778
G49|778|638
G5|446|61
G50|638|778
G5003|68|506
G5004|506|68
G501|447|2605
G502|2605|447
G503|447|2605
G504|2605|447
G505|447|2605
G507|447|1625
G508|1625|447
G509|447|1625
G51|792|869
G5105|68|2087
G5106|2087|68
G511|447|1577
G512|1625|447
G514|1577|447
G516|918|447
G517|447|1577
G518|1625|447
G519|447|1577
G52|869|792
G520|1625|447
G521|447|1625
G525|447|1625
G5251|1569|2087
G5253|1570|2087
G5254|2087|1569
G527|447|1577
G528|1577|447
G529|447|458
G53|792|1442
G530|458|447
G5301|1570|544
G5304|544|1570
G531|2033|1783
G535|2605|1510
G536|1510|2605
G5367|411|2404
G5368|2404|411
G5369|411|2404
G537|2605|1510
G5370|2404|411
G538|1510|2605
G54|1442|792
G541|2498|1098
G542|1098|2498
G546|1098|2498
G547|2498|1098
G55|446|2087
G551|1845|1783
G552|1098|308
G553|308|1098
G554|1783|1845
G555|447|918
G557|447|1577
G558|1577|447
G559|447|2498
G561|447|2497
G562|2498|447
G565|447|2498
G566|2497|447
G567|447|2498
G57|446|869
G570|2497|447
G576|61|2605
G578|2605|61
G579|482|2605
G58|869|446
G580|2605|482
G582|869|1577
G586|1577|447
G59|446|869
G590|1804|1577
G592|1625|1804
G594|1442|1577
G596|1577|1442
G598|61|1625
G6|61|446
G60|869|446
G6001|2605|1783
G6002|1783|2605
G601|447|800
G6011|2605|1783
G6012|1783|2605
G6013|2605|1783
G6014|1783|2605
G6015|2605|2094
G6016|1783|2605
G6017|2605|1783
G6018|2094|2605
G6019|2605|1783
G602|800|447
G6020|1783|2605
G6021|2605|1783
G6022|1783|2605
G6023|2605|2094
G6024|1783|2605
G6025|2605|1783
G6026|1783|2605
G6027|2605|1783
G6028|2094|2605
G6029|2605|1783
G603|447|800
G6030|1783|2605
G6031|2605|1783
G6032|1783|2605
G6033|1018|1783
G6034|1783|1018
G605|447|1616
G606|800|447
G607|447|800
G6072|1783|1611
G6074|1611|1783
G609|447|800
G6101|2605|1098
G6102|1098|2605
G6103|2605|1098
G6105|2605|1098
G611|447|800
G6110|1098|2605
G6111|2605|1098
G6112|1098|2605
G6116|1098|2605
G6117|2605|1098
G6118|1098|2605
G6119|2605|1098
G612|800|447
G6120|1098|2605
G6121|2605|1098
G6122|1098|2605
G613|447|800
G6131|1018|1098
G6132|1098|1018
G614|800|447
G6142|1783|1210
G6144|1210|1783
G6146|1783|1210
G6148|1210|1783
G615|447|800
G6152|1098|1210
G6154|1210|1098
G6160|1783|1210
G6162|1210|1783
G6164|1783|1210
G6166|1210|1783
G617|447|800
G618|800|447
G620|800|447
G6201|1098|1783
G6202|1783|1098
G6203|1098|1783
G6204|1783|1098
G6205|1098|1783
G6207|1098|1783
G6208|1783|1098
G6209|1098|1783
G621|447|800
G6211|1098|1783
G6212|1783|1098
G6213|1098|1783
G6214|1783|1098
G6215|1098|1783
G6216|1783|1098
G6218|1783|1098
G6219|1098|1783
G622|800|447
G6221|1098|1783
G6222|1783|1098
G6223|1098|1783
G6224|1783|1098
G6225|1098|1783
G6227|1098|1783
G6229|1098|1783
G623|447|800
G6230|1783|1098
G6231|1098|1783
G6234|1783|1098
G6236|1783|1098
G6237|1098|1783
G624|800|447
G6240|1783|1098
G6241|1098|1783
G6242|1783|1098
G6246|1783|1098
G6248|1783|1098
G625|447|800
G6250|1783|1098
G6251|1098|1783
G6252|1783|1098
G6253|1098|1783
G6254|1783|1098
G6255|1098|1783
G6258|1783|1098
G626|800|447
G6260|1783|1098
G6270|2033|792
G6271|792|2487
G6272|2487|2103
G6274|2103|2487
G6276|2487|792
G6284|2487|2103
G6286|2103|2487
G6288|2487|792
G6289|792|2103
G6290|2103|2487
G6292|2487|792
G6293|792|2033
G6301|1098|1857
G6303|1857|1098
G6305|1098|1857
G6307|1857|1098
G6309|1098|1857
G631|506|1098
G6311|1857|1098
G6313|1098|1857
G6315|1857|1098
G6317|1098|1857
G6319|1857|1098
G632|1098|506
G6321|1098|1857
G6323|1857|1098
G6325|1098|1857
G6327|1857|1098
G6329|1098|1857
G633|506|1783
G6331|1857|1098
G634|1783|506
G635|590|1098
G636|1098|590
G637|506|1783
G638|1783|506
G64|1804|1742
G6402|1210|2605
G6403|2605|1210
G6404|1210|2605
G6405|2605|1210
G6406|1210|2605
G6407|2605|1210
G6408|1210|2605
G6409|2605|1210
G6410|1210|2605
G6411|2605|1210
G6412|1210|2605
G6413|2605|1210
G6414|1210|2605
G6415|2605|1210
G6416|1210|2605
G6417|2605|1210
G6418|1210|2605
G6419|2605|1210
G6451|2605|2492
G6452|2492|2605
G6453|2605|2492
G6454|2492|2605
G6455|2605|2492
G6456|2492|2605
G6457|2605|2492
G6486|1783|2492
G6488|2492|1783
G65|447|1098
G6501|1098|2094
G6502|2094|1098
G6503|1098|2094
G6504|2094|1098
G6506|2094|1098
G6507|1098|2094
G6508|2094|1098
G6510|2094|1098
G6511|1098|2094
G6512|2094|1098
G6513|1098|2094
G6514|2094|1098
G6515|1098|2094
G6516|2094|1098
G6517|1098|2094
G6518|2094|1098
G6519|1098|2094
G6520|2094|1098
G6521|1098|2094
G6522|2094|1098
G6523|1098|2094
G6524|2094|1098
G6525|1098|2094
G6526|2094|1098
G6527|1098|2094
G6528|2094|1098
G6529|1098|2094
G6530|2094|1098
G6531|1098|2094
G6532|2094|1098
G6533|1098|2094
G6534|2094|1098
G6535|1098|2094
G6536|2094|1098
G6537|1098|2094
G6538|2094|1098
G6539|1098|2094
G6540|2094|1098
G6541|1098|2094
G6542|2094|1098
G6543|1098|2094
G6544|2094|1098
G6545|1098|2094
G6546|2094|1098
G6547|1098|2094
G6549|1098|2094
G6601|893|2498
G67|447|1098
G6701|447|2033
G6703|447|2033
G6704|2033|447
G6705|447|2033
G6706|2033|447
G6707|447|2033
G6709|447|2033
G6710|2033|447
G6712|2033|447
G6713|447|2033
G6714|2033|447
G6718|2033|447
G6731|447|2487
G6732|2487|447
G6733|447|2487
G6734|2487|447
G6735|447|2487
G6736|2487|447
G6741|447|2487
G6742|2487|447
G6743|447|2487
G6744|2487|447
G6745|447|2033
G6746|2484|447
G6751|2033|2487
G6752|2487|2033
G6755|2033|2484
G676|61|1577
G6781|792|645
G6782|645|790
G69|447|1098
G7|446|61
G7001|481|59
G7002|59|481
G7003|481|59
G7004|59|481
G7005|481|59
G7006|59|481
G7007|481|59
G7008|59|481
G7009|481|59
G701|778|638
G7010|59|481
G7011|481|59
G7012|59|481
G7013|481|59
G7014|59|481
G7015|481|59
G7016|59|481
G7017|481|59
G7019|481|59
G702|638|778
G7020|59|481
G7021|481|59
G7022|59|481
G7023|481|59
G7024|59|481
G7025|481|59
G7026|59|481
G7027|481|59
G7028|59|481
G7029|481|59
G703|778|638
G7030|59|481
G7031|482|59
G7032|59|481
G7033|481|59
G7034|59|481
G7035|481|59
G7036|59|481
G7037|481|59
G7038|59|481
G7039|481|59
G704|638|778
G7040|59|481
G7041|482|59
G7042|59|481
G7044|59|481
G7045|481|59
G7046|59|481
G7047|481|59
G7048|59|481
G7049|481|59
G705|778|638
G7050|59|481
G7051|481|59
G7052|59|481
G7053|481|59
G7055|481|59
G7056|59|481
G7057|481|59
G7058|59|481
G7059|481|59
G706|638|778
G7060|59|482
G7061|481|59
G7062|59|481
G7063|481|59
G7065|481|59
G7066|59|481
G7067|481|59
G7068|59|481
G7069|481|59
G707|778|638
G7070|59|482
G7076|59|886
G708|638|778
G7082|886|59
G7084|59|886
G709|778|638
G7097|481|59
G7098|59|481
G71|447|1783
G710|638|778
G7101|481|61
G7102|61|481
G7103|481|61
G7104|61|481
G7105|481|61
G7106|61|481
G7107|482|61
G7108|61|481
G7109|481|61
G711|778|638
G7110|61|481
G7111|481|61
G7112|61|481
G7113|481|61
G7114|61|481
G7115|481|61
G7116|61|481
G7117|481|61
G7118|61|481
G7119|481|61
G712|638|778
G7120|61|481
G7121|481|61
G7122|61|482
G7123|481|61
G7124|61|481
G7125|481|61
G7126|61|482
G7128|61|481
G713|778|638
G7132|61|886
G7136|61|886
G714|638|778
G7142|886|61
G7146|886|61
G715|778|638
G7158|346|61
G716|638|778
G7167|2329|61
G7169|2329|482
G717|778|638
G7170|482|2329
G7177|482|61
G718|638|778
G719|778|638
G72|1783|447
G720|638|778
G7201|1336|59
G7202|59|1336
G7203|1336|59
G7204|59|1336
G7205|2241|59
G7206|59|2241
G7207|2241|59
G7208|59|2241
G7209|2241|59
G721|778|638
G7210|59|2241
G7211|2241|59
G7212|59|2241
G722|638|778
G7221|1777|59
G723|778|638
G7232|59|346
G7234|346|59
G724|638|778
G7244|59|590
G7246|590|59
G7248|59|590
G725|778|638
G7250|590|59
G7252|59|590
G7254|590|59
G726|638|778
G7260|59|590
G7267|1777|59
G7268|59|1777
G727|778|638
G7272|59|590
G7275|1777|59
G7276|59|1777
G728|638|778
G729|778|638
G7296|59|1186
G7298|59|1186
G730|638|778
G7309|61|1441
G731|778|638
G7312|1441|61
G732|638|778
G7334|1804|61
G7335|61|2235
G7337|61|2235
G7340|1804|61
G7341|1442|2235
G7342|2235|1442
G7343|61|2235
G7344|2235|61
G7350|2235|482
G7355|481|2340
G7356|2340|1049
G7361|1442|1640
G7369|1442|2340
G7372|1640|590
G7374|590|1640
G7379|1442|2340
G7380|2340|1442
G7381|61|2340
G7382|2340|61
G7383|61|2340
G7384|2340|1442
G7388|590|2340
G7395|61|482
G7397|482|61
G74|1783|2498
G7402|2813|2329
G7403|2329|2813
G7413|590|2813
G7414|2813|590
G7417|590|2813
G7418|2813|590
G7419|590|2813
G7420|2813|590
G7421|590|2813
G7422|2813|590
G7423|590|2813
G7434|590|1777
G75|2498|1783
G7501|61|2235
G7502|869|61
G7504|1804|61
G7505|482|869
G7507|61|869
G7509|61|869
G751|1671|638
G7510|869|61
G7512|869|61
G7514|869|61
G7516|2235|61
G7517|61|869
G7519|61|869
G7520|869|482
G7521|61|2235
G7522|869|61
G7525|61|1804
G7527|61|869
G7528|1804|61
G7533|1442|869
G7534|869|1442
G7535|61|1804
G7536|1804|61
G7538|2235|1442
G7540|2235|61
G7561|61|1804
G7564|1442|590
G7567|1442|1804
G7568|1804|1442
G7571|1777|1804
G7572|1804|1777
G7578|346|1804
G7583|1049|869
G7585|1049|1804
G7598|590|869
G76|1783|2498
G7601|482|1442
G7602|1442|482
G7604|1442|482
G7605|482|1442
G7607|482|1442
G7609|482|869
G7612|1442|482
G7619|482|1804
G7620|1804|482
G7621|1442|1804
G7622|1804|1442
G7624|2235|1442
G7625|482|1804
G7627|482|2235
G7628|1804|482
G7629|482|2235
G763|2023|638
G7630|1804|482
G7632|2340|590
G7639|1812|1442
G764|638|2023
G7640|1442|1812
G7650|2340|482
G7658|590|1442
G7662|1804|590
G7664|590|2235
G7665|482|1804
G7669|1777|1804
G7686|1442|1777
G7689|482|1804
G7690|1804|482
G7692|1640|590
G7694|590|1640
G77|1577|1783
G78|1783|1577
G782|638|156
G784|156|638
G786|638|156
G788|156|638
G79|447|1783
G8|61|446
G80|1783|447
G8001|777|2599
G8002|2599|778
G8003|778|595
G8004|595|778
G8005|778|2599
G8006|2599|777
G8007|777|595
G8008|595|778
G8010|2599|777
G8011|778|595
G8012|2599|777
G8013|777|595
G8014|595|777
G8015|778|2599
G8016|595|778
G8017|777|595
G8018|595|778
G8019|777|595
G8020|595|778
G8021|777|2599
G8022|2599|778
G8023|778|2599
G8024|595|777
G8031|1670|2599
G8032|595|1671
G8033|1671|2599
G8034|2599|1671
G8041|778|1670
G8042|1671|777
G8043|778|1671
G8045|777|1671
G8046|1670|777
G8048|1671|777
G8049|777|1671
G8050|1671|777
G8051|777|1671
G8052|1670|777
G8053|777|1670
G8054|1671|777
G8055|777|1671
G8056|1671|777
G8057|777|1670
G8058|1670|778
G8059|777|1670
G8060|1671|777
G8061|778|1671
G8062|1670|777
G8063|777|1671
G8064|1670|778
G8069|778|1671
G8070|1671|778
G8081|2023|1671
G8082|1670|2023
G8085|778|1003
G8087|1003|778
G8091|778|2023
G8093|2023|778
G8095|778|2023
G8097|2023|778
G81|447|2404
G8102|156|595
G8104|595|156
G8106|156|595
G8108|595|156
G8115|778|156
G8116|156|778
G8125|778|1934
G8127|777|1934
G8128|1934|777
G82|2404|447
G83|447|2605
G836|1098|2359
G84|2605|447
G85|61|1098
G8501|1231|2524
G8503|1231|2524
G8504|2524|1231
G8505|1231|2524
G8506|2524|1231
G8508|2524|1231
G8509|1231|2524
G8510|2524|1231
G8511|1231|2524
G8512|2524|1231
G8513|1231|2524
G8514|2524|1231
G8515|1231|2524
G8516|2524|1231
G8517|1231|2524
G8518|2524|1231
G8519|1231|2524
G8520|2524|1231
G8521|1231|2524
G8522|2524|1231
G8523|1231|2524
G8524|2524|1231
G8525|1231|2524
G8526|2524|1231
G8527|1231|2524
G8528|2524|1231
G8529|1231|2524
G8530|2524|1231
G8531|1231|2524
G8532|2524|1231
G8533|1231|2524
G8534|2524|1231
G8535|1231|2524
G8536|2524|1231
G8537|1231|2524
G8538|2524|1231
G8539|1231|2524
G8540|2524|1231
G8541|1231|2524
G8542|2524|1231
G8543|1231|2524
G8544|2524|1231
G8545|1231|2524
G8546|2524|1231
G8547|1231|2524
G8549|1231|2524
G8550|2524|1231
G8551|1231|2524
G8552|2524|1231
G8553|1231|2524
G8554|2524|1231
G8555|1231|2524
G8556|2524|1231
G86|1098|61
G8602|2524|386
G8604|386|1231
G8605|1231|386
G8606|386|1231
G8607|1231|386
G8608|386|1231
G8609|386|2524
G8610|2524|386
G8681|1232|2524
G8682|2524|1232
G8683|1232|2524
G8684|2524|1232
G882|638|595
G8827|2724|1098
G8828|1098|2724
G884|595|638
G886|638|595
G888|595|638
G8891|2605|1098
G8892|1098|2605
G8893|1098|2094
G8894|2094|1098
G8895|1098|2094
G8896|2094|1098
G8897|1098|2094
G8898|2094|1098
G89|447|2497
G8901|446|792
G8902|792|446
G8903|503|2087
G8904|2087|503
G8905|2339|1783
G8906|1783|2339
G8907|447|2033
G8908|2033|447
G8909|2339|1783
G8910|1783|2339
G8911|446|792
G8912|792|446
G8917|446|645
G8918|645|446
G8919|2605|1210
G892|638|595
G8920|1210|2605
G8923|446|2103
G8924|2103|446
G8931|2605|1210
G8932|1210|2605
G8933|2605|1611
G8934|1611|2605
G8935|446|1197
G8936|1197|446
G8937|447|907
G8938|907|447
G894|595|638
G8953|447|301
G8954|301|447
G896|638|595
G898|595|638
G8997|68|2273
G8998|2273|68
G9001|446|1129
G9002|1129|446
G9003|446|1693
G9004|1693|446
G91|447|800
G93|2498|1098
G94|1098|2498
G96|1098|2359
G9641|1098|1857
G9643|1857|1098
G9645|1098|1857
G9647|1857|1098
K1002|2358|2524
K1004|2524|2358
K1006|614|1095
K1008|1095|614
K1009|2572|1759
K101|443|1803
K1010|1759|2572
K1012|59|2034
K1014|2034|59
K1015|445|2469
K1016|2469|445
K1019|202|1782
K102|1803|443
K1020|1782|202
K1021|778|282
K1022|282|778
K1023|443|686
K1024|686|443
K1028|355|2696
K1029|588|110
K1030|110|588
K1032|2358|2403
K1034|460|2358
K1040|869|355
K1042|355|869
K1047|1844|59
K1048|59|1844
K105|447|1781
K1050|1803|2697
K1052|2697|1803
K1054|2697|1131
K1058|1230|2357
K106|1781|447
K1060|2357|1230
K1062|636|2523
K1064|2523|638
K1066|831|1625
K1068|1625|831
K1071|447|886
K1072|886|447
K1073|1740|2604
K1074|2604|1740
K1077|2524|869
K1078|869|2524
K1079|1576|2203
K1080|2203|1576
K1085|2358|2563
K1087|2563|2358
K1089|729|618
K109|1576|1348
K1090|618|729
K1092|1782|1231
K1094|1231|1782
K1096|1095|2444
K1098|2444|1095
K110|1348|1576
K1101|892|59
K1102|59|892
K1106|59|525
K1108|525|59
K1109|447|2812
K111|60|2403
K1110|2812|447
K1115|447|435
K1117|435|447
K112|2403|60
K1122|2149|929
K1124|929|2149
K1127|60|2348
K1128|2348|60
K113|1230|1348
K1130|1876|2358
K1132|2358|1876
K1136|2696|496
K1138|496|2696
K1139|1230|1348
K114|1348|1230
K1140|1348|1230
K1142|523|1731
K1144|1731|523
K1149|2608|2241
K115|202|1781
K1150|2241|2608
K1152|59|2524
K1154|2524|59
K1156|59|1230
K1158|1230|59
K116|1781|202
K1160|1095|1876
K1162|1876|1095
K1163|447|2608
K1165|2608|447
K1168|1751|2358
K1170|2358|1751
K1172|1095|2444
K1174|2444|1095
K1177|443|2563
K1178|2563|443
K118|1265|447
K1182|2528|1876
K1184|1876|2528
K1185|60|202
K1187|202|60
K1189|443|172
K1190|172|443
K1191|481|496
K1192|496|481
K1196|2697|2348
K1198|2348|2697
K1202|2403|1876
K1204|1876|2403
K1206|1348|1782
K1208|1782|1348
K1211|2497|614
K1212|614|1281
K1215|2033|2697
K1216|2697|2033
K1218|505|869
K1220|869|505
K1223|1230|1096
K1224|1096|1230
K1227|1670|1253
K1228|1253|1670
K1229|777|2846
K123|60|465
K1230|2846|777
K1232|1782|496
K1234|496|1782
K1235|202|1348
K1236|1348|202
K1238|1803|2497
K124|465|60
K1240|2497|1803
K1241|2420|2739
K1242|2739|2420
K1247|2523|869
K1248|869|2523
K1249|2523|60
K1251|60|2523
K1256|1803|1231
K1258|1231|1803
K1259|777|2846
K126|2358|2599
K1260|2846|777
K1263|2033|1441
K1264|1441|2033
K1268|2087|2524
K1270|2524|2087
K1271|1441|1230
K1273|1230|1441
K1276|506|435
K1278|435|506
K128|2599|2358
K1282|1782|1740
K1284|1740|1782
K1285|2563|2696
K1286|2696|2563
K1294|1876|798
K1295|2563|1095
K1296|1095|2563
K1301|443|1831
K1305|2358|2563
K1307|2563|2358
K1310|2357|110
K1312|110|2357
K1315|619|2087
K1316|2087|619
K132|355|1785
K1323|1544|2241
K1324|2241|1544
K1326|505|2241
K1328|2241|505
K1329|355|1508
K1330|1508|355
K1331|2563|1196
K1332|59|2638
K1336|1740|185
K1338|185|1740
K134|1785|355
K1348|2604|2358
K1350|2358|2604
K1352|185|2456
K1354|2456|186
K1360|525|1876
K1362|1876|525
K1363|447|1230
K1364|1230|447
K1365|729|1625
K1366|1625|729
K1373|60|1209
K1374|1209|60
K1378|1731|2149
K1380|2149|1731
K1382|435|638
K1384|638|435
K1387|2497|2524
K1388|2524|2497
K1392|1876|295
K1396|1803|798
K1398|798|1803
K142|496|1231
K144|2480|496
K145|1230|1348
K1450|1340|1900
K1452|1900|1340
K1453|447|2417
K1454|2417|447
K146|1348|1230
K147|447|2626
K1473|2348|1816
K1474|1816|2348
K1476|1625|1876
K1478|1876|1625
K148|2626|447
K149|60|1816
K15|1740|2524
K150|1816|60
K1502|1348|185
K1504|186|1348
K1505|614|59
K1506|59|614
K1511|2199|2528
K1512|2528|2199
K1518|2357|1671
K152|59|2497
K1520|1671|2357
K1526|2486|636
K1528|636|2486
K1532|111|172
K1534|172|111
K1535|619|2524
K1536|2524|619
K1538|185|481
K154|2497|59
K1540|481|185
K1546|2087|636
K1548|636|2087
K155|481|1348
K1556|59|496
K1558|496|59
K156|1348|481
K1561|1740|496
K1562|496|1740
K1565|777|435
K1566|435|777
K157|447|1816
K1572|2599|2524
K1574|2524|2599
K158|1816|447
K1582|2523|185
K1584|186|2524
K1585|1576|1803
K1586|1803|1576
K159|2523|1348
K1590|1816|1631
K1592|1631|1816
K1595|445|182
K1596|182|445
K16|2524|1740
K160|1348|2523
K1603|349|1348
K1604|1348|349
K1609|2348|1348
K161|1185|941
K1610|1348|2348
K1613|443|2456
K1614|2456|443
K1615|2563|1230
K1616|1230|2563
K162|496|1185
K1620|1782|790
K1622|790|1782
K1627|2497|496
K1628|496|2497
K1629|1740|2358
K1630|2358|1740
K1634|2697|2497
K1636|2497|2697
K165|2358|1348
K166|1348|2358
K1662|655|929
K1665|2417|1096
K1666|1096|2417
K1669|202|1803
K167|2523|1348
K1670|1803|202
K1673|618|2358
K1678|1159|1740
K168|1348|2523
K1686|2358|182
K1688|182|2358
K169|2358|2645
K170|2645|2358
K172|59|1340
K174|1340|59
K175|648|185
K176|185|2497
K177|2497|2357
K178|2357|2497
K1785|443|111
K1786|111|443
K179|447|2497
K180|2497|447
K1803|1576|1816
K1804|1816|1576
K1805|2563|1441
K1806|1441|2563
K181|60|2725
K182|2725|60
K183|443|525
K184|525|443
K188|59|645
K1885|798|1159
K1886|1159|798
K190|1671|59
K1901|443|1340
K1902|1340|443
K192|1095|1230
K194|1230|1095
K195|619|1231
K196|1231|619
K201|2524|1095
K2013|172|619
K2014|619|172
K202|1095|2524
K2036|2739|686
K2038|686|2739
K2046|2358|1671
K2048|1671|2358
K2058|1230|185
K206|1230|2696
K2060|186|1230
K21|447|1511
K210|1095|869
K212|869|1095
K2121|2599|1759
K2122|1759|2599
K213|790|2358
K214|2358|790
K215|443|686
K216|686|443
K218|2563|2486
K2186|59|2357
K2188|2357|59
K22|1511|447
K220|2486|2563
K226|1095|355
K2276|1441|2497
K2278|2497|1441
K228|355|1095
K2286|1348|2599
K2288|2599|1348
K23|443|212
K230|543|1348
K232|1348|543
K234|59|2033
K2367|2604|248
K2369|248|2604
K237|798|1785
K238|1785|798
K2386|496|2599
K2388|2599|496
K242|2358|543
K244|543|2358
K245|1243|1230
K246|1230|1243
K2501|2563|2497
K2503|648|2563
K253|60|918
K254|918|60
K255|588|1785
K256|1785|2857
K257|790|1230
K258|1230|790
K262|889|447
K2629|2358|185
K263|443|435
K2630|185|2358
K264|435|443
K265|443|295
K266|295|443
K2665|143|2241
K2666|2241|143
K267|447|1209
K268|1209|447
K269|447|1731
K27|443|156
K271|60|248
K272|248|60
K274|618|1831
K276|1831|618
K279|447|465
K28|156|443
K280|465|447
K282|59|1230
K284|1230|59
K285|443|1876
K286|1876|443
K287|60|505
K288|505|60
K290|59|1230
K2906|1803|2358
K2908|2358|1803
K292|1230|59
K294|1740|636
K296|636|1740
K297|1096|543
K298|543|1096
K3|443|212
K30|2087|1731
K302|1095|1185
K304|2456|1095
K305|588|355
K306|355|588
K309|1096|588
K311|588|1096
K316|496|2358
K318|2358|496
K32|1731|2087
K321|588|1348
K322|1348|588
K326|1095|1803
K328|1803|1095
K330|1731|790
K332|790|1731
K335|2524|543
K336|543|2524
K337|2497|347
K338|1348|2497
K339|443|295
K34|1781|2241
K340|295|443
K342|505|2696
K344|2696|505
K346|1671|1803
K348|1803|2103
K351|60|1230
K352|1230|60
K356|1095|2524
K358|2524|1095
K359|2563|59
K36|2241|1781
K360|59|2563
K365|1095|1348
K367|2358|1272
K369|1272|2358
K372|59|798
K376|59|2357
K378|2357|59
K382|918|523
K384|523|918
K386|1230|1671
K388|1671|1230
K39|443|1759
K390|1230|2087
K392|2087|1230
K40|1759|443
K401|447|614
K402|614|447
K41|443|1272
K411|443|831
K412|831|443
K419|1721|355
K420|355|1721
K422|869|1230
K424|1230|869
K426|869|1731
K428|1731|869
K429|443|2462
K43|1272|443
K430|2462|443
K435|1576|1224
K437|1224|1576
K441|505|1096
K442|1096|505
K446|1781|2358
K448|2358|1781
K45|443|2087
K452|1230|1114
K454|186|1230
K457|2497|1751
K458|1751|2497
K4611|1160|1272
K462|1086|59
K464|59|307
K466|869|2358
K468|2358|869
K469|2241|2417
K4695|443|729
K4696|729|443
K470|2417|2241
K471|447|1348
K472|1348|447
K473|443|1348
K474|1348|443
K476|2403|2087
K478|2087|2403
K479|447|892
K48|1441|645
K480|892|447
K483|1095|1348
K484|1348|1095
K486|1781|1231
K488|2524|1781
K489|790|295
K490|295|790
K491|1740|941
K492|1348|1740
K495|60|2403
K496|349|60
K497|443|429
K498|429|443
K5|2358|1230
K50|2846|1441
K502|2604|1231
K504|1231|2604
K505|798|1348
K506|1348|798
K507|447|2403
K51|443|1340
K5101|2846|2058
K5102|2058|2846
K5103|2846|2058
K5104|2058|2846
K5105|2846|2058
K5106|2058|2846
K5109|636|2551
K511|60|2251
K5110|2551|636
K5111|636|2551
K5112|2551|636
K5115|1528|295
K5116|295|1528
K5119|1528|295
K512|1095|292
K5120|295|1528
K5125|636|2157
K5126|2157|2739
K5138|282|636
K5141|1900|2786
K5142|2786|1900
K5145|81|5
K5146|5|1900
K5147|1900|1464
K5148|1464|1900
K516|59|2599
K5162|1507|1759
K5164|1759|1507
K518|2599|59
K5193|429|277
K5194|277|429
K5195|2846|1759
K5196|1759|2846
K52|1340|443
K520|798|2103
K5215|443|1684
K5216|1684|443
K522|2103|798
K525|481|2087
K526|2087|481
K527|481|1095
K528|1095|481
K529|1441|1231
K53|443|1671
K530|1231|1441
K536|1781|1731
K538|1731|1781
K5391|2497|1731
K5392|1731|2497
K54|1671|443
K542|2524|185
K544|186|2524
K546|1230|295
K548|295|1230
K549|777|2846
K55|777|435
K550|2846|777
K552|1803|1900
K554|1900|1803
K559|1133|59
K56|435|777
K560|59|1133
K564|523|798
K566|798|523
K568|2846|110
K570|110|2846
K571|447|543
K573|447|107
K574|107|447
K575|60|1611
K576|1611|60
K577|2604|1231
K578|1231|2604
K582|496|869
K584|869|496
K586|1785|1230
K588|1230|1785
K589|447|2523
K590|2523|447
K594|1441|185
K596|186|588
K598|435|1095
K6|1230|2358
K60|2358|1243
K600|1095|435
K601|443|798
K602|798|443
K603|443|2452
K604|2452|443
K606|729|790
K608|790|729
K609|443|2721
K610|2721|443
K6111|934|1348
K6112|1348|934
K612|505|2456
K614|2456|505
K615|443|729
K616|729|443
K617|447|618
K618|618|447
K62|1243|2358
K622|2357|1576
K624|1576|2357
K626|2358|918
K628|918|2358
K629|447|355
K630|355|447
K632|307|1340
K634|1340|307
K636|1348|2087
K638|2087|1348
K64|1095|2403
K642|1095|465
K644|465|1095
K646|2358|1095
K648|1095|2358
K651|1511|1231
K652|1231|1511
K655|618|1441
K656|1441|618
K66|2403|1095
K661|2033|523
K662|523|2033
K666|2087|1671
K668|1671|2087
K671|2403|1348
K672|1348|2403
K675|1096|1185
K677|1185|1096
K679|2358|278
K680|278|2358
K681|443|777
K683|777|443
K687|2524|1631
K688|1631|2524
K689|798|2524
K690|2524|798
K691|618|1348
K692|1348|618
K70|2696|2087
K7001|636|2160
K7002|2160|636
K7006|295|636
K7007|636|295
K7015|638|2846
K7016|2846|638
K7017|636|169
K7018|169|636
K7019|636|2790
K702|2697|636
K7020|2790|636
K7021|636|560
K7022|560|636
K7023|2739|2160
K7025|2739|5
K7026|5|636
K7027|2739|945
K7028|945|2739
K7032|2157|1838
K7033|1838|2841
K7034|2841|1838
K7035|636|2841
K7036|2841|1838
K7037|636|2157
K7038|2157|636
K7039|636|1843
K704|636|2697
K7040|1843|636
K7041|636|1843
K7042|1843|636
K7047|636|337
K7048|337|636
K7049|638|429
K7050|429|638
K7051|638|1722
K7052|1722|638
K7053|1838|2868
K7054|2868|636
K7057|636|1831
K7058|1831|638
K706|2358|886
K7062|1235|295
K7064|295|1235
K7065|1838|1253
K7066|1253|636
K7071|1900|2786
K7072|2786|1900
K7074|1235|2786
K7076|2786|1235
K7077|1900|95
K7078|95|1900
K708|886|2358
K7081|636|95
K7082|95|636
K7083|636|1831
K7084|1831|636
K7085|636|295
K7086|295|636
K7087|295|560
K7088|560|295
K7089|2739|95
K7090|95|636
K7091|636|1831
K7092|1831|636
K7093|638|1759
K7094|1759|638
K71|60|2524
K710|2696|435
K7106|1900|840
K7108|840|1900
K7110|451|1900
K7112|1900|451
K7113|295|599
K7114|599|295
K7115|295|599
K7116|599|295
K7117|295|599
K7118|599|295
K7119|636|2790
K712|435|2696
K7120|2790|636
K7124|2846|282
K7126|282|2846
K7127|1838|282
K7128|282|1838
K7131|636|560
K7132|560|1838
K7133|1838|2157
K7134|2157|1838
K7145|636|295
K7146|295|636
K715|777|2497
K7154|2846|2324
K7156|2324|2846
K716|2497|777
K7165|295|2794
K7166|2794|295
K7172|2157|2786
K7174|2786|2078
K7177|295|560
K7178|560|295
K7187|295|560
K7188|560|295
K7192|1831|2160
K7194|2160|1831
K7203|636|295
K7204|295|636
K7205|636|927
K7206|927|636
K7208|2157|636
K7211|238|2739
K7212|2739|238
K7213|238|2739
K7214|2739|238
K7215|238|2739
K7216|2739|238
K7217|238|2739
K7218|2739|238
K722|523|1348
K7221|324|2739
K7223|636|324
K7225|636|5
K7226|5|636
K7227|636|254
K7228|254|636
K7231|549|2157
K7232|2157|549
K7233|1838|2078
K7234|2078|1838
K7235|549|636
K7236|636|549
K7237|1528|295
K7238|295|1528
K7244|2078|2157
K7251|549|636
K7252|636|549
K726|1511|636
K7265|1900|295
K7266|295|1900
K7273|81|1900
K7274|1900|81
K7275|81|1900
K7276|1900|81
K7277|81|1900
K7278|1900|81
K7279|865|1900
K728|636|1511
K7280|1900|865
K7281|865|1900
K7282|1900|865
K7283|865|1900
K7284|1900|865
K7285|81|1900
K7286|1900|81
K7287|81|1900
K7288|1900|81
K729|1096|729
K7291|636|451
K7292|451|636
K73|2524|60
K7301|2599|1972
K7302|1972|2599
K7303|2599|1972
K7304|1972|2599
K7305|777|172
K7306|172|777
K7309|2599|1972
K731|729|1096
K7310|1972|2599
K7311|2599|2215
K7312|2215|2599
K7323|2599|1444
K7324|1444|2599
K7325|1670|1255
K7326|1255|1670
K7328|1670|400
K7330|400|1670
K7333|777|1131
K7334|1131|777
K7345|2572|1670
K7346|1670|1003
K7347|1003|777
K7349|777|1003
K7351|777|2420
K7352|2420|777
K7357|2625|1671
K7358|1671|2625
K736|1731|59
K7361|2420|156
K7362|156|2420
K7364|2420|156
K7369|2290|686
K7370|686|2290
K7375|777|2215
K7376|2215|777
K7378|156|2849
K738|59|1731
K7380|2849|156
K7381|777|1671
K7382|1671|777
K7383|1003|2420
K7384|2420|1003
K7385|777|2462
K7386|2462|777
K7387|2710|1271
K7388|1271|2710
K739|60|1348
K7392|172|2462
K7394|1976|172
K7395|2710|1670
K7397|1670|2710
K740|1348|60
K742|2497|543
K7425|1670|595
K7426|595|1670
K7430|1976|443
K7459|777|2469
K7461|2469|777
K748|496|2357
K75|2599|869
K750|2357|496
K7501|2572|2625
K7502|2625|2572
K7505|1670|1412
K751|60|1086
K7511|777|1987
K7512|1987|777
K7517|777|400
K7518|400|777
K752|307|60
K7525|2462|1976
K7527|777|2686
K7528|2686|777
K7541|1670|1535
K7542|1535|1670
K756|1095|1731
K7562|1670|2420
K7564|2420|1670
K7565|1670|2651
K7566|2651|1670
K758|1731|1095
K759|60|2338
K7591|1003|156
K7592|156|2572
K7597|1972|172
K7598|172|1972
K76|869|2599
K760|2506|60
K762|1185|1876
K764|1876|1185
K768|1624|1095
K770|1095|1624
K7701|443|1212
K7702|1212|443
K7707|443|2033
K7708|2033|443
K7709|790|2034
K771|1740|523
K7710|2034|790
K7711|443|1247
K7712|1247|443
K7714|2033|2103
K7716|2103|2033
K7718|2337|2103
K772|523|1740
K7720|2103|2337
K7721|300|2059
K7723|906|2486
K7724|2059|906
K7726|2486|2103
K7728|2103|2486
K7732|2486|1158
K7734|1158|2486
K7738|2486|1158
K7740|1158|2486
K7746|2486|790
K7748|790|2486
K775|2524|1095
K7752|2033|1247
K7754|1247|2033
K7756|2033|1247
K7759|2033|2486
K776|1095|2524
K7760|2486|2033
K7762|2486|1247
K7764|1247|2486
K7766|2034|1247
K7768|1247|2034
K7771|443|1793
K7772|1793|443
K7773|443|2337
K7774|2337|443
K7782|1890|444
K7783|444|2312
K7784|2312|444
K7787|444|2312
K7788|2312|444
K7801|729|798
K7802|798|729
K7803|729|798
K7804|798|729
K7805|729|798
K7806|798|729
K7807|729|2452
K7808|2452|729
K782|59|2798
K7831|798|1494
K7832|1494|798
K7833|798|608
K7834|608|798
K7835|800|608
K7836|608|798
K7837|798|1494
K7838|1494|800
K784|2798|59
K787|505|1231
K788|1231|505
K79|60|1348
K7901|435|182
K7902|182|435
K7903|436|1970
K7904|1970|436
K7905|618|182
K7906|182|618
K7907|436|1970
K7908|1970|436
K7909|618|147
K7910|147|618
K7911|618|2733
K7912|2733|618
K7913|371|435
K7914|435|371
K7916|435|2570
K7918|2570|435
K7920|618|2570
K7922|2570|618
K793|68|1096
K795|1096|2798
K7955|1281|648
K7956|2497|1281
K7959|892|2497
K7960|2497|892
K7961|892|2497
K7962|2497|1281
K7964|1281|892
K7966|1863|2497
K7968|2497|1863
K7971|1281|2497
K7972|2497|1281
K7975|1281|2608
K7977|2608|1281
K799|1576|1631
K7993|1281|2497
K80|1348|60
K800|1631|1576
K8002|2497|648
K8069|2348|465
K807|2241|1209
K808|1209|2241
K8082|1576|465
K8084|465|1576
K8088|1576|1215
K8090|1215|1576
K8102|2265|1625
K8103|1625|2265
K8114|1576|2265
K8116|2265|1576
K8123|2348|2265
K8124|2265|2348
K813|2444|2203
K814|2203|2444
K8155|2358|929
K8156|929|2358
K8159|2358|929
K8160|929|2358
K8161|1133|2358
K8162|2358|1133
K8165|1544|929
K8168|929|1544
K8169|2077|2358
K817|447|1230
K8170|2358|2077
K8176|2358|889
K8178|889|2358
K818|1230|447
K8181|1544|2358
K8182|2358|1544
K819|447|2524
K8199|2358|929
K82|1095|2358
K820|2524|447
K8200|929|2358
K8203|2077|889
K8204|889|2077
K822|307|1782
K8222|1624|889
K8223|889|1624
K8239|2721|2358
K824|1782|307
K8240|2358|2721
K8241|2721|2358
K8242|2358|2721
K8243|2721|2358
K8244|2358|2721
K8252|2696|1876
K8254|1876|2696
K8261|1740|831
K8262|831|1740
K827|1095|1230
K8281|1740|1340
K8282|1340|1740
K8285|1740|1340
K8286|1340|1740
K8287|1740|1340
K8288|1340|1740
K829|1230|1095
K831|2480|60
K8322|1740|2199
K8324|2199|1740
K833|60|2403
K835|1038|1785
K8356|59|2456
K8358|2456|59
K8359|1775|588
K836|1785|2253
K8360|588|1775
K8361|2626|59
K8362|59|2626
K8365|2626|59
K8366|59|261
K8371|1185|941
K8372|1640|1775
K8373|1185|2456
K8379|1185|2456
K8380|2456|1185
K8381|588|2812
K8382|2812|588
K8385|261|59
K8386|59|2626
K8399|1185|2456
K84|2358|1095
K8401|261|1803
K8402|1803|2626
K8409|1775|2812
K841|1095|2480
K8410|2812|1775
K8412|2221|2456
K8414|2456|2221
K8415|261|588
K8416|588|261
K8418|59|2812
K8420|2812|59
K8421|1775|2221
K8422|588|1775
K8424|2221|588
K8425|2626|588
K8426|588|2626
K843|2480|1095
K8431|1775|59
K8432|59|1775
K8434|1441|886
K8436|886|1441
K8437|2626|1441
K8438|1441|2626
K8439|2626|588
K8440|588|2626
K846|2403|869
K848|869|2403
K8484|2626|59
K849|300|481
K8499|2626|869
K85|1095|202
K850|481|300
K8500|869|261
K853|1230|1348
K854|1348|1230
K8553|2626|2221
K8554|2221|2626
K856|1230|355
K8563|261|869
K8564|869|261
K8573|1185|2456
K858|355|1230
K8585|1775|588
K8586|588|1185
K8587|588|886
K8588|886|588
K859|1281|2604
K8597|1185|820
K8598|820|1185
K8599|1185|523
K860|2604|1281
K8600|523|1185
K862|355|1511
K864|1511|355
K866|2452|645
K868|645|143
K869|2497|1230
K87|202|1095
K870|1230|2497
K8703|505|248
K8704|248|505
K871|2523|1816
K8713|1912|505
K8714|505|1912
K8715|1384|505
K8716|505|1384
K8717|505|2287
K8718|2287|505
K872|1816|2523
K8720|2798|68
K8721|1912|505
K8722|505|1912
K8723|505|2417
K8724|2417|505
K8727|505|2287
K8728|2287|505
K8729|1384|505
K8730|505|1384
K8731|505|2287
K8732|2287|505
K876|1348|1876
K878|1876|1348
K879|2358|1230
K880|1230|2358
K882|2697|798
K884|798|2697
K886|2357|790
K888|790|2357
K889|2023|295
K89|447|618
K890|295|2023
K891|729|1441
K892|1441|729
K895|2469|435
K896|435|2469
K90|618|447
K9003|1017|1658
K9004|2725|1095
K9015|2604|2338
K9016|2338|2604
K9017|2604|1781
K9018|1781|2604
K9019|1017|2604
K9020|2604|1017
K903|798|543
K9031|2604|1159
K9033|1159|2604
K904|543|798
K9049|2506|2203
K9050|2203|2506
K9052|1782|1209
K9054|1209|1782
K906|1441|798
K9060|1785|1209
K9062|1209|1785
K9063|2557|1785
K9064|1785|597
K9067|597|1159
K9068|2203|1159
K9075|1054|1781
K9076|1781|1054
K9077|2013|1095
K9078|1095|2013
K908|798|1441
K9084|1785|2492
K9086|2492|1785
K9091|1054|2604
K9092|2604|1054
K9093|2338|1785
K9094|1785|2338
K9121|2338|1781
K9122|1781|2338
K9126|1095|1611
K9128|1611|1095
K914|2696|2358
K915|444|2625
K916|2625|444
K918|790|1625
K9189|1534|1631
K9190|1631|1534
K92|1782|1721
K920|1625|790
K921|1096|1625
K922|1625|1096
K926|2497|636
K928|636|2497
K929|777|295
K930|295|777
K9304|2712|496
K9305|496|2712
K9306|2712|496
K9307|496|2712
K9308|2712|496
K9312|496|1816
K9314|1816|496
K932|1096|918
K9322|496|533
K9324|533|496
K9326|496|533
K9328|533|496
K934|918|1096
K935|2348|1471
K9357|2403|2145
K9358|2145|2403
K9359|2403|2148
K936|1096|2348
K9360|2148|2403
K9362|2524|484
K9364|484|2524
K9366|2524|484
K9368|484|2524
K9369|2403|349
K9379|2805|2403
K938|2033|1900
K9380|2403|2805
K9381|2403|2145
K9382|2145|2403
K9383|2403|2148
K9384|2145|2403
K9385|2403|2145
K9386|2145|2403
K94|1721|1782
K940|1900|2033
K9405|2480|2403
K9406|2403|2480
K9411|1038|2524
K9412|2524|1038
K9415|1038|1230
K9416|1231|1038
K942|2403|1803
K9424|1093|2444
K9425|2524|2620
K9426|2620|2524
K9431|2524|1089
K9432|1089|2524
K9434|1089|1231
K9436|1230|1089
K9438|2620|1231
K944|1803|2403
K9440|1231|2620
K9445|1230|915
K9446|915|1230
K946|543|2403
K9461|2524|2098
K9462|2098|2524
K9463|2403|1231
K9465|1231|2403
K9470|2672|1265
K9472|1265|2672
K948|2403|543
K9483|1230|1265
K9484|1265|1230
K9486|2403|2480
K95|443|1255
K950|1511|1781
K9511|2444|1093
K9512|1093|1038
K9517|2523|2403
K9518|2403|2523
K952|1781|1511
K956|2697|1972
K958|1972|2697
K9581|2403|2268
K9583|2268|2403
K9585|2403|2268
K9587|2268|2403
K9589|2403|349
K9590|349|2403
K96|1255|443
K960|1670|143
K9602|1348|164
K9604|164|1348
K9606|1348|164
K9608|164|1348
K9609|934|1348
K9610|1348|934
K9612|1348|164
K9614|164|1348
K9617|934|164
K9618|164|934
K9619|759|164
K962|143|1670
K9620|164|759
K9629|759|164
K9630|164|759
K9632|1348|759
K9634|759|1348
K9638|759|1348
K9642|1348|759
K9644|759|1348
K9651|2563|1059
K9653|1059|2563
K9655|2563|861
K9657|861|2563
K9659|789|358
K9660|358|789
K9661|355|663
K9662|663|355
K9663|2597|355
K9664|355|2597
K9665|2563|355
K9666|355|2563
K9667|355|1272
K9669|1272|355
K967|443|1159
K9672|355|2598
K9674|2598|355
K9675|2563|861
K9677|861|2563
K9679|2563|358
K968|1159|443
K9680|358|2563
K9682|1348|164
K9684|164|1348
K9686|1348|164
K9688|164|1348
K9694|1695|759
K9699|1272|663
K972|2462|2697
K974|2348|636
K9756|186|1114
K9758|1114|186
K976|636|2348
K9761|185|278
K9762|278|185
K9763|185|2653
K9764|2653|185
K9766|2683|185
K9772|186|2645
K9774|2645|186
K9776|186|2645
K9778|2645|186
K978|2033|2469
K9786|186|655
K9788|655|186
K9789|185|278
K9790|278|185
K9791|185|453
K9792|453|185
K9793|185|278
K9794|278|185
K980|2469|2033
K9803|2357|1508
K9804|1508|2357
K9805|2357|1508
K9806|1508|2357
K9812|1348|2306
K9814|2306|1348
K9816|1348|1695
K9818|1695|1348
K982|1816|1348
K9822|1348|1695
K9824|1695|1348
K9826|1348|1695
K9828|1695|1348
K9832|1348|1695
K984|1348|1816
K985|496|1348
K986|1348|496
K988|2087|307
K990|307|2087
K996|1759|1230
K998|1230|1759
T10|2524|447
T101|60|1781
T102|1781|60
T109|443|59
T110|59|443
T112|1441|355
T116|59|355
T122|2599|1095
T126|1230|592
T129|777|2846
T130|2846|777
T131|777|790
T132|59|777
T135|1740|941
T136|869|1740
T145|443|505
T152|1095|1721
T154|1721|1095
T167|447|505
T168|505|447
T169|60|1095
T17|443|1900
T170|1095|60
T171|505|1096
T172|1096|505
T175|447|2357
T176|2357|447
T179|1740|1095
T18|1900|443
T180|1095|1740
T182|1625|638
T192|1625|185
T197|2497|185
T198|185|2497
T204|59|278
T211|60|1781
T212|1781|60
T215|443|1721
T231|447|2358
T232|2358|447
T242|588|2846
T246|1576|1231
T25|60|496
T253|790|1095
T254|1095|790
T257|1625|2523
T258|2523|1625
T26|496|60
T261|777|1900
T262|1900|777
T263|2563|2358
T264|2358|2563
T282|496|185
T295|355|185
T296|185|355
T297|443|1900
T298|1900|443
T302|2599|185
T306|2087|185
T309|1670|2846
T31|443|1441
T310|2846|1670
T311|1671|2846
T312|2846|1671
T32|1441|443
T326|869|2497
T328|2497|869
T336|638|1444
T369|777|1095
T381|60|1348
T382|1348|60
T389|588|2357
T39|443|2846
T390|2357|588
T40|2846|443
T41|447|2358
T42|2358|447
T4202|435|212
T4601|663|1272
T47|443|2846
T48|2846|443
T49|447|1215
T50|1215|447
T5001|1900|2160
T5002|2160|1900
T5003|1900|2160
T5004|2160|1900
T5005|1900|2160
T5006|2160|1900
T5007|1900|2160
T5008|2160|1900
T5009|1900|2160
T5010|2160|1900
T5011|1900|2160
T5012|2160|1900
T5013|1900|2160
T5014|2160|1900
T5101|636|742
T56|929|790
T5687|443|2103
T5688|2103|443
T63|443|588
T6307|618|182
T6308|182|618
T64|588|443
T65|443|481
T66|481|443
T6601|355|663
T6602|663|355
T6603|789|355
T6604|355|789
T6605|1571|663
T6606|663|1571
T6613|355|2539
T6614|2539|355
T6701|1625|2265
T6702|2265|1625
T6704|1576|2265
T7|447|1230
T7015|2358|929
T7016|929|2358
T7565|1071|2696
T7566|2696|1071
T7567|1071|2697
T7568|2697|1071
T77|60|1511
T7771|2014|481
T7772|481|2014
T7775|2014|481
T7776|481|2014
T7781|2014|481
T7782|481|2014
T7785|1441|360
T7786|360|1441
T78|1511|60
T8|1230|447
T8001|505|2417
T8002|2417|505
T8301|2604|1611
T8302|1611|2604
T8303|2604|1209
T8304|1209|2604
T8306|1096|1209
T8309|1017|1095
T8310|1095|1017
T8321|2604|2726
T8322|2726|2604
T8326|2604|1159
T8331|2047|2604
T8332|2604|2047
T8336|2604|1054
T8337|1054|2604
T8338|2604|1054
T8339|1054|2604
T8340|2604|2047
T8347|306|1095
T8351|701|1095
T8352|1095|701
T8353|701|1095
T8354|1095|701
T8361|1096|1631
T8362|1631|1096
T8365|1096|1534
T8369|1534|1781
T8370|1781|1534
T8379|1096|1534
T8712|458|2627
T8716|458|2627
T8720|458|2627
T8865|1230|2367
T8866|2367|1230
T8869|1230|1265
T8870|1265|1230
T8898|2403|1231
T9|447|2524
T9021|934|1348
T9023|934|1348
T9024|1348|934
T9028|1348|934
T91|443|2417
T92|2417|443
T95|1625|1781
T9501|185|278
T9502|278|185
T9503|185|278
T9504|278|185
T9509|186|278
T9510|278|185
T9516|186|655
T9581|185|325
T9582|325|185
T9583|185|325
T9584|325|185
T9585|185|325
T9586|325|185
T96|1781|1625
Y501|447|2337
Y502|2337|447
Y503|2337|2034
Y504|2034|2337
Y509|443|2103
Y510|2103|443
Y512|2486|1247
Y514|1247|2486
Y516|2034|1158
Y518|1158|2034
Y521|444|1212
Y522|1212|444
Y525|443|1158
Y526|1158|443
Y527|443|1158
Y528|1158|443
Y529|447|1158
Y530|1158|447
Y665|729|798
Y666|798|729
Y667|355|1272
Y669|1272|355
Y671|789|1272
Y673|1272|789
Y675|2563|1272
Y677|1272|2563
Z1|447|2604
Z10|1441|443
Z100|204|59
Z102|2599|543
Z104|543|2599
Z105|1740|185
Z106|185|1740
Z107|447|1781
Z108|1781|447
Z112|1751|636
Z114|636|1188
Z117|443|595
Z118|595|443
Z12|1671|1096
Z122|1095|1230
Z124|1230|1095
Z126|543|355
Z128|355|543
Z133|447|248
Z134|248|447
Z136|185|1095
Z138|1095|186
Z139|443|523
Z14|1096|1671
Z140|523|443
Z146|2497|1782
Z148|1782|2497
Z149|447|2403
Z15|443|636
Z150|2403|447
Z151|447|2357
Z152|2357|447
Z157|1721|636
Z158|636|1721
Z16|636|443
Z161|447|1348
Z162|1348|447
Z164|59|1260
Z166|1260|59
Z168|1096|2696
Z17|443|636
Z170|2696|1096
Z172|59|636
Z174|636|59
Z176|1441|2103
Z178|636|1441
Z179|443|185
Z18|636|443
Z180|185|443
Z182|1782|435
Z184|435|1782
Z186|1781|1671
Z189|2497|1095
Z19|447|2358
Z190|1095|2497
Z192|798|1671
Z194|1671|798
Z196|59|798
Z198|798|59
Z2|2604|447
Z20|2358|447
Z201|447|19
Z202|19|447
Z203|443|636
Z204|742|443
Z206|790|2604
Z21|447|1260
Z211|1095|1348
Z212|1348|1095
Z216|59|355
Z22|1260|447
Z225|443|588
Z227|588|443
Z23|1576|1781
Z230|1781|185
Z236|1096|636
Z24|1781|1576
Z245|2604|60
Z247|60|2604
Z25|1576|60
Z252|59|2358
Z257|60|2524
Z264|1095|1260
Z267|619|59
Z268|59|2638
Z27|60|1576
Z275|2563|447
Z282|1441|435
Z285|447|496
Z286|496|447
Z288|1348|869
Z29|443|1243
Z296|543|435
Z3|447|2524
Z30|1243|443
Z307|447|543
Z308|543|447
Z31|1576|869
Z315|447|618
Z316|618|447
Z317|443|435
Z318|435|443
Z319|729|435
Z32|869|1576
Z320|435|729
Z322|1230|1260
Z336|496|435
Z35|447|1095
Z36|1095|447
Z37|447|1576
Z38|1576|447
Z4|2524|447
Z40|59|185
Z43|447|2358
Z44|2358|447
Z45|1576|1441
Z47|1441|1576
Z49|447|1230
Z5|447|496
Z50|1230|447
Z51|443|523
Z52|523|443
Z53|447|1348
Z54|1348|447
Z55|447|355
Z56|355|447
Z6|496|447
Z601|443|2286
Z602|2286|443
Z61|443|2599
Z62|2599|443
Z6201|355|1571
Z6202|1571|355
Z6203|355|1571
Z6204|1571|355
Z6205|355|663
Z6206|663|355
Z6207|355|1160
Z6208|1160|355
Z621|447|1671
Z622|1671|447
Z63|443|2599
Z64|2599|443
Z65|447|505
Z6502|186|1114
Z6506|186|1114
Z6510|186|1114
Z6522|816|185
Z6523|185|816
Z6524|816|185
Z6525|185|816
Z66|505|447
Z67|447|505
Z6706|1576|2348
Z68|505|447
Z6801|2357|1260
Z6802|1260|2357
Z69|447|185
Z7|443|2697
Z70|185|447
Z71|443|31
Z72|31|443
Z721|447|2599
Z722|2599|447
Z75|447|355
Z76|355|447
Z77|447|2403
Z78|2403|447
Z79|443|777
Z8|2697|443
Z8301|1392|1348
Z8303|1392|1348
Z8304|1348|1392
Z8305|1392|1348
Z8306|1348|1392
Z8307|1392|1348
Z8308|1348|1392
Z8309|1392|1348
Z8310|1348|1392
Z8311|1392|1348
Z8312|1348|1392
Z8313|1392|1348
Z8314|1348|1392
Z8316|1348|1392
Z8501|1392|1348
Z8502|1348|1392
Z86|1441|2358
Z8602|1348|1542
Z8606|1348|1542
Z8612|1348|1542
Z8801|1260|1339
Z8802|1339|1260
Z8803|1260|1339
Z8804|1339|1260
Z89|2033|1095
Z9|443|1441
Z90|1095|2033
Z917|355|1260
Z918|1260|355
Z92|59|2358
Z95|447|2524
Z96|2524|447
Z97|447|1096
Z98|1096|447
Z99|59|1096
